# t_unix,market,bid,bid_size,ask,ask_size
1786860781.426,btc-updown-4h-1786852800,0.22,6,0.23,639.47
1786860781.608,btc-updown-4h-1786852800-no,0.77,639.47,0.78,6
1786860782.174,eth-updown-4h-1786852800,0.11,252,0.15,372
1786860782.359,eth-updown-4h-1786852800-no,0.85,372,0.89,252
1786860782.887,sol-updown-15m-1786876200,0.5,1,0.51,85.53
1786860783.071,sol-updown-15m-1786876200-no,0.49,85.53,0.5,1
1786860783.272,sol-updown-4h-1786852800,0.12,128,0.13,61
1786860783.445,sol-updown-4h-1786852800-no,0.87,61,0.88,128
1786860783.645,btc-updown-15m-1786860000,0.62,4.17,0.63,128
1786860783.834,btc-updown-15m-1786860000-no,0.39,108,0.4,18.75
1786860784.351,xrp-updown-4h-1786852800,0.23,11,0.24,6
1786860784.523,xrp-updown-4h-1786852800-no,0.76,6,0.77,11
1786860784.698,bitcoin-up-or-down-august-16-2026-2am-et,0.56,25,0.57,155.99
1786860784.868,bitcoin-up-or-down-august-16-2026-2am-et-no,0.43,155.99,0.44,25
1786860786.758,btc-updown-4h-1786852800,0.21,2.3,0.22,13.47
1786860786.944,btc-updown-4h-1786852800-no,0.77,626,0.79,2.3
1786860787.487,eth-updown-4h-1786852800,0.12,10,0.14,41
1786860787.664,eth-updown-4h-1786852800-no,0.86,41,0.88,10
1786860788.381,sol-updown-15m-1786876200,0.5,1,0.51,85.53
1786860788.819,sol-updown-15m-1786876200-no,0.49,85.53,0.5,1
1786860789.383,sol-updown-4h-1786852800,0.12,128,0.13,61
1786860789.573,sol-updown-4h-1786852800-no,0.87,61,0.88,128
1786860789.753,btc-updown-15m-1786860000,0.61,2674.38,0.62,2.07
1786860789.931,btc-updown-15m-1786860000-no,0.37,10,0.4,100.83
1786860790.459,xrp-updown-4h-1786852800,0.24,6,0.25,106
1786860790.636,xrp-updown-4h-1786852800-no,0.75,106,0.76,6
1786860790.812,bitcoin-up-or-down-august-16-2026-2am-et,0.56,25,0.57,155.99
1786860790.988,bitcoin-up-or-down-august-16-2026-2am-et-no,0.43,155.99,0.44,25
1786860792.413,btc-updown-4h-1786852800,0.21,2.3,0.23,626
1786860792.588,btc-updown-4h-1786852800-no,0.77,626,0.79,2.3
1786860793.121,eth-updown-4h-1786852800,0.12,10,0.14,41
1786860793.296,eth-updown-4h-1786852800-no,0.86,41,0.88,10
1786860793.814,sol-updown-15m-1786876200,0.5,1,0.51,85.53
1786860793.987,sol-updown-15m-1786876200-no,0.49,85.53,0.5,1
1786860794.164,sol-updown-4h-1786852800,0.12,128,0.13,61
1786860794.351,sol-updown-4h-1786852800-no,0.87,61,0.88,128
1786860794.526,btc-updown-15m-1786860000,0.62,10,0.63,29.7
1786860794.718,btc-updown-15m-1786860000-no,0.37,16.5,0.38,10
1786860795.260,xrp-updown-4h-1786852800,0.23,11,0.24,6
1786860795.428,xrp-updown-4h-1786852800-no,0.76,6,0.77,11
1786860795.619,bitcoin-up-or-down-august-16-2026-2am-et,0.56,25,0.57,155.99
1786860795.810,bitcoin-up-or-down-august-16-2026-2am-et-no,0.43,155.99,0.44,25
1786860797.240,btc-updown-4h-1786852800,0.21,2.3,0.23,626
1786860797.410,btc-updown-4h-1786852800-no,0.77,626,0.79,2.3
1786860797.949,eth-updown-4h-1786852800,0.12,10,0.14,41
1786860798.126,eth-updown-4h-1786852800-no,0.86,41,0.88,10
1786860798.676,sol-updown-15m-1786876200,0.5,1,0.51,85.53
1786860798.852,sol-updown-15m-1786876200-no,0.49,85.53,0.5,1
1786860799.032,sol-updown-4h-1786852800,0.12,128,0.13,61
1786860799.223,sol-updown-4h-1786852800-no,0.87,61,0.88,128
1786860799.442,btc-updown-15m-1786860000,0.64,2376,0.65,6.2
1786860799.623,btc-updown-15m-1786860000-no,0.35,6.2,0.36,2376
1786860800.149,xrp-updown-4h-1786852800,0.23,11,0.24,6
1786860800.325,xrp-updown-4h-1786852800-no,0.76,6,0.77,11
1786860800.497,bitcoin-up-or-down-august-16-2026-2am-et,0.56,25,0.57,305.99
1786860800.702,bitcoin-up-or-down-august-16-2026-2am-et-no,0.43,305.99,0.44,25
1786860802.096,btc-updown-4h-1786852800,0.21,2.3,0.23,726
1786860802.272,btc-updown-4h-1786852800-no,0.77,726,0.79,2.3
1786860802.825,eth-updown-4h-1786852800,0.11,252,0.13,40
1786860803.003,eth-updown-4h-1786852800-no,0.87,40,0.89,252
1786860803.528,sol-updown-15m-1786876200,0.5,1,0.51,85.53
1786860803.704,sol-updown-15m-1786876200-no,0.49,85.53,0.5,1
1786860803.886,sol-updown-4h-1786852800,0.12,128,0.13,61
1786860804.058,sol-updown-4h-1786852800-no,0.87,61,0.88,128
1786860804.233,btc-updown-15m-1786860000,0.61,2195.5,0.62,1.42
1786860804.427,btc-updown-15m-1786860000-no,0.38,1.42,0.39,2195.5
1786860804.971,xrp-updown-4h-1786852800,0.24,6,0.25,22
1786860805.146,xrp-updown-4h-1786852800-no,0.75,22,0.76,6
1786860805.353,bitcoin-up-or-down-august-16-2026-2am-et,0.54,150.36,0.56,133
1786860805.524,bitcoin-up-or-down-august-16-2026-2am-et-no,0.44,133,0.46,150.36
1786860806.939,btc-updown-4h-1786852800,0.21,2.3,0.22,420
1786860807.125,btc-updown-4h-1786852800-no,0.78,420,0.79,2.3
1786860807.641,eth-updown-4h-1786852800,0.11,252,0.13,40
1786860807.816,eth-updown-4h-1786852800-no,0.87,40,0.89,252
1786860808.339,sol-updown-15m-1786876200,0.5,1,0.51,85.53
1786860808.507,sol-updown-15m-1786876200-no,0.49,85.53,0.5,1
1786860808.681,sol-updown-4h-1786852800,0.12,128,0.13,61
1786860808.867,sol-updown-4h-1786852800-no,0.87,61,0.88,128
1786860809.044,btc-updown-15m-1786860000,0.62,5,0.63,10
1786860809.241,btc-updown-15m-1786860000-no,0.37,10,0.38,5
1786860809.864,xrp-updown-4h-1786852800,0.23,11,0.24,6
1786860810.043,xrp-updown-4h-1786852800-no,0.76,6,0.77,11
1786860810.217,bitcoin-up-or-down-august-16-2026-2am-et,0.54,394.36,0.56,141
1786860810.388,bitcoin-up-or-down-august-16-2026-2am-et-no,0.44,146,0.46,394.36
1786860811.828,btc-updown-4h-1786852800,0.21,2.3,0.22,420
1786860812.033,btc-updown-4h-1786852800-no,0.78,420,0.79,2.3
1786860812.583,eth-updown-4h-1786852800,0.11,252,0.13,40
1786860812.787,eth-updown-4h-1786852800-no,0.87,40,0.89,252
1786860813.348,sol-updown-15m-1786876200,0.5,1,0.51,85.53
1786860813.533,sol-updown-15m-1786876200-no,0.49,85.53,0.5,1
1786860813.729,sol-updown-4h-1786852800,0.12,128,0.13,61
1786860813.904,sol-updown-4h-1786852800-no,0.87,61,0.88,128
1786860814.091,btc-updown-15m-1786860000,0.47,74.5,0.56,10
1786860814.266,btc-updown-15m-1786860000-no,0.46,10,0.47,5
1786860814.839,xrp-updown-4h-1786852800,0.23,11,0.24,6
1786860815.015,xrp-updown-4h-1786852800-no,0.76,6,0.77,11
1786860815.204,bitcoin-up-or-down-august-16-2026-2am-et,0.53,87.53,0.56,311
1786860815.379,bitcoin-up-or-down-august-16-2026-2am-et-no,0.44,161,0.47,87.53
1786860816.833,btc-updown-4h-1786852800,0.21,2.3,0.22,420
1786860817.032,btc-updown-4h-1786852800-no,0.78,420,0.79,2.3
1786860817.592,eth-updown-4h-1786852800,0.12,10,0.14,61
1786860817.775,eth-updown-4h-1786852800-no,0.86,31,0.89,252
1786860818.295,sol-updown-15m-1786876200,0.5,1,0.51,85.53
1786860818.466,sol-updown-15m-1786876200-no,0.49,85.53,0.5,1
1786860818.645,sol-updown-4h-1786852800,0.12,128,0.13,61
1786860818.819,sol-updown-4h-1786852800-no,0.87,61,0.88,128
1786860818.996,btc-updown-15m-1786860000,0.16,20,0.53,55
1786860819.188,btc-updown-15m-1786860000-no,0.45,30,0.46,36
1786860819.698,xrp-updown-4h-1786852800,0.23,11,0.24,50
1786860819.873,xrp-updown-4h-1786852800-no,0.76,50,0.77,11
1786860820.058,bitcoin-up-or-down-august-16-2026-2am-et,0.55,20,0.56,105.88
1786860820.243,bitcoin-up-or-down-august-16-2026-2am-et-no,0.44,105.88,0.45,20
1786860821.621,btc-updown-4h-1786852800,0.21,2.3,0.22,420
1786860821.805,btc-updown-4h-1786852800-no,0.78,420,0.79,2.3
1786860822.322,eth-updown-4h-1786852800,0.11,252,0.14,61
1786860822.524,eth-updown-4h-1786852800-no,0.86,31,0.89,252
1786860823.091,sol-updown-15m-1786876200,0.5,1,0.51,85.53
1786860823.275,sol-updown-15m-1786876200-no,0.49,85.53,0.5,1
1786860823.455,sol-updown-4h-1786852800,0.12,128,0.13,61
1786860823.629,sol-updown-4h-1786852800-no,0.87,61,0.88,128
1786860823.804,btc-updown-15m-1786860000,0.52,20,0.53,300
1786860823.982,btc-updown-15m-1786860000-no,0.47,300,0.48,20
1786860824.517,xrp-updown-4h-1786852800,0.23,11,0.24,50
1786860824.702,xrp-updown-4h-1786852800-no,0.76,50,0.77,11
1786860824.876,bitcoin-up-or-down-august-16-2026-2am-et,0.54,120,0.55,157.1
1786860825.051,bitcoin-up-or-down-august-16-2026-2am-et-no,0.45,140.7,0.46,25
1786860826.494,btc-updown-4h-1786852800,0.21,2.3,0.22,520
1786860826.676,btc-updown-4h-1786852800-no,0.78,520,0.79,2.3
1786860827.652,eth-updown-4h-1786852800,0.11,252,0.14,61
1786860828.055,eth-updown-4h-1786852800-no,0.86,61,0.89,252
1786860828.847,sol-updown-15m-1786876200,0.5,1,0.51,85.53
1786860829.027,sol-updown-15m-1786876200-no,0.49,85.53,0.5,1
1786860829.242,sol-updown-4h-1786852800,0.12,128,0.13,72
1786860829.473,sol-updown-4h-1786852800-no,0.87,61,0.88,128
1786860829.820,btc-updown-15m-1786860000,0.18,2,0.19,288.42
1786860830.386,btc-updown-15m-1786860000-no,0.82,53,0.83,24.91
1786860831.472,xrp-updown-4h-1786852800,0.23,11,0.24,56
1786860831.681,xrp-updown-4h-1786852800-no,0.76,56,0.77,11
1786860831.865,bitcoin-up-or-down-august-16-2026-2am-et,0.54,25,0.55,129.1
1786860832.073,bitcoin-up-or-down-august-16-2026-2am-et-no,0.45,129.1,0.46,25
1786860833.557,btc-updown-4h-1786852800,0.21,2.3,0.22,520
1786860833.734,btc-updown-4h-1786852800-no,0.78,520,0.79,2.3
1786860834.323,eth-updown-4h-1786852800,0.12,10,0.14,31
1786860834.534,eth-updown-4h-1786852800-no,0.86,61,0.88,10
1786860835.124,sol-updown-15m-1786876200,0.5,1,0.51,85.53
1786860835.321,sol-updown-15m-1786876200-no,0.49,85.53,0.5,1
1786860835.495,sol-updown-4h-1786852800,0.12,128,0.13,72
1786860835.673,sol-updown-4h-1786852800-no,0.87,72,0.88,128
1786860835.873,btc-updown-15m-1786860000,0.45,72,0.46,8
1786860836.061,btc-updown-15m-1786860000-no,0.6,20,0.65,20
1786860836.607,xrp-updown-4h-1786852800,0.23,11,0.24,50
1786860836.794,xrp-updown-4h-1786852800-no,0.76,50,0.77,11
1786860836.975,bitcoin-up-or-down-august-16-2026-2am-et,0.54,25,0.55,129.1
1786860837.150,bitcoin-up-or-down-august-16-2026-2am-et-no,0.45,129.1,0.46,25
1786860838.594,btc-updown-4h-1786852800,0.21,2.3,0.22,520
1786860838.777,btc-updown-4h-1786852800-no,0.78,520,0.79,2.3
1786860839.296,eth-updown-4h-1786852800,0.12,10,0.14,61
1786860839.470,eth-updown-4h-1786852800-no,0.86,20,0.89,252
1786860840.017,sol-updown-15m-1786876200,0.5,1,0.51,85.53
1786860840.205,sol-updown-15m-1786876200-no,0.49,85.53,0.5,1
1786860840.391,sol-updown-4h-1786852800,0.12,128,0.13,61
1786860840.574,sol-updown-4h-1786852800-no,0.87,61,0.88,128
1786860840.745,btc-updown-15m-1786860000,0.4,10,0.71,171.36
1786860840.937,btc-updown-15m-1786860000-no,0.29,164.31,0.31,31.74
1786860841.494,xrp-updown-4h-1786852800,0.23,11,0.24,50
1786860841.674,xrp-updown-4h-1786852800-no,0.76,50,0.77,11
1786860841.847,bitcoin-up-or-down-august-16-2026-2am-et,0.54,25,0.55,129.1
1786860842.020,bitcoin-up-or-down-august-16-2026-2am-et-no,0.45,129.1,0.46,25
1786860843.628,btc-updown-4h-1786852800,0.21,2.3,0.22,520
1786860844.038,btc-updown-4h-1786852800-no,0.78,520,0.79,2.3
1786860844.964,eth-updown-4h-1786852800,0.11,252,0.14,31
1786860845.175,eth-updown-4h-1786852800-no,0.86,31,0.88,10
1786860845.690,sol-updown-15m-1786876200,0.5,1,0.51,85.53
1786860845.877,sol-updown-15m-1786876200-no,0.49,85.53,0.5,1
1786860846.060,sol-updown-4h-1786852800,0.12,128,0.13,72
1786860846.290,sol-updown-4h-1786852800-no,0.87,72,0.88,128
1786860846.477,btc-updown-15m-1786860000,0.39,204.94,0.62,18.5
1786860846.650,btc-updown-15m-1786860000-no,0.38,18.5,0.61,204.94
1786860847.179,xrp-updown-4h-1786852800,0.23,11,0.24,50
1786860847.359,xrp-updown-4h-1786852800-no,0.76,50,0.77,11
1786860847.543,bitcoin-up-or-down-august-16-2026-2am-et,0.54,25,0.55,129.1
1786860847.721,bitcoin-up-or-down-august-16-2026-2am-et-no,0.45,129.1,0.46,25
1786860849.336,btc-updown-4h-1786852800,0.21,2.3,0.22,520
1786860849.549,btc-updown-4h-1786852800-no,0.78,520,0.79,2.3
1786860850.094,eth-updown-4h-1786852800,0.11,252,0.14,31
1786860850.265,eth-updown-4h-1786852800-no,0.86,51,0.88,10
1786860850.843,sol-updown-15m-1786876200,0.5,1,0.51,85.53
1786860851.028,sol-updown-15m-1786876200-no,0.49,85.53,0.5,1
1786860851.213,sol-updown-4h-1786852800,0.12,128,0.13,61
1786860851.397,sol-updown-4h-1786852800-no,0.87,61,0.88,128
1786860851.567,btc-updown-15m-1786860000,0.82,10,0.85,19.11
1786860851.831,btc-updown-15m-1786860000-no,0.16,5,0.19,13.34
1786860852.389,xrp-updown-4h-1786852800,0.23,11,0.24,50
1786860852.723,xrp-updown-4h-1786852800-no,0.76,50,0.77,11
1786860852.967,bitcoin-up-or-down-august-16-2026-2am-et,0.54,15,0.55,129.1
1786860853.161,bitcoin-up-or-down-august-16-2026-2am-et-no,0.45,129.1,0.46,5
1786860855.091,btc-updown-4h-1786852800,0.21,2.3,0.22,520
1786860855.268,btc-updown-4h-1786852800-no,0.78,520,0.79,2.3
1786860855.832,eth-updown-4h-1786852800,0.11,252,0.14,61
1786860856.011,eth-updown-4h-1786852800-no,0.86,31,0.89,252
1786860856.543,sol-updown-15m-1786876200,0.5,1,0.51,85.53
1786860856.723,sol-updown-15m-1786876200-no,0.49,85.53,0.5,1
1786860857.085,sol-updown-4h-1786852800,0.12,128,0.13,61
1786860857.264,sol-updown-4h-1786852800-no,0.87,61,0.88,128
1786860857.437,btc-updown-15m-1786860000,0.62,4.55,0.64,13.53
1786860857.617,btc-updown-15m-1786860000-no,0.36,23.66,0.38,4.55
1786860858.151,xrp-updown-4h-1786852800,0.23,11,0.24,50
1786860858.333,xrp-updown-4h-1786852800-no,0.76,50,0.77,11
1786860858.505,bitcoin-up-or-down-august-16-2026-2am-et,0.54,5,0.55,123.15
1786860858.703,bitcoin-up-or-down-august-16-2026-2am-et-no,0.45,123.15,0.46,25
1786860860.190,btc-updown-4h-1786852800,0.21,2.3,0.22,520
1786860860.363,btc-updown-4h-1786852800-no,0.78,520,0.79,2.3
1786860860.897,eth-updown-4h-1786852800,0.11,252,0.14,31
1786860861.074,eth-updown-4h-1786852800-no,0.86,31,0.88,10
1786860861.623,sol-updown-15m-1786876200,0.5,1,0.51,85.53
1786860861.888,sol-updown-15m-1786876200-no,0.49,85.53,0.5,1
1786860862.090,sol-updown-4h-1786852800,0.12,128,0.13,61
1786860862.272,sol-updown-4h-1786852800-no,0.87,61,0.88,128
1786860862.665,btc-updown-15m-1786860000,0.9,5,0.91,199.41
1786860862.844,btc-updown-15m-1786860000-no,0.09,176.41,0.1,5
1786860863.393,xrp-updown-4h-1786852800,0.23,11,0.24,50
1786860863.565,xrp-updown-4h-1786852800-no,0.76,50,0.77,11
1786860863.740,bitcoin-up-or-down-august-16-2026-2am-et,0.54,25,0.55,8
1786860863.919,bitcoin-up-or-down-august-16-2026-2am-et-no,0.45,8,0.46,25
1786860865.413,btc-updown-4h-1786852800,0.08,70,0.14,10
1786860865.601,btc-updown-4h-1786852800-no,0.85,250,0.92,70
1786860866.133,eth-updown-4h-1786852800,0.09,150,0.1,31
1786860866.322,eth-updown-4h-1786852800-no,0.9,31,0.91,150
1786860867.082,sol-updown-15m-1786876200,0.5,1,0.51,85.53
1786860867.264,sol-updown-15m-1786876200-no,0.49,85.53,0.5,1
1786860867.442,sol-updown-4h-1786852800,0.09,150,0.1,11
1786860867.616,sol-updown-4h-1786852800-no,0.9,11,0.91,150
1786860867.786,btc-updown-15m-1786860000,0.09,13.9,0.15,51.34
1786860867.960,btc-updown-15m-1786860000-no,0.85,51.34,0.91,13.9
1786860868.484,xrp-updown-4h-1786852800,0.2,6,0.21,134
1786860868.658,xrp-updown-4h-1786852800-no,0.79,134,0.8,6
1786860868.835,bitcoin-up-or-down-august-16-2026-2am-et,0.27,14,0.28,55.81
1786860869.006,bitcoin-up-or-down-august-16-2026-2am-et-no,0.71,27.48,0.73,46
1786860871.186,btc-updown-4h-1786852800,0.14,250,0.17,6
1786860871.370,btc-updown-4h-1786852800-no,0.83,6,0.86,250
1786860871.934,eth-updown-4h-1786852800,0.09,150,0.1,31
1786860872.103,eth-updown-4h-1786852800-no,0.9,31,0.91,150
1786860872.640,sol-updown-15m-1786876200,0.5,1,0.51,85.53
1786860872.813,sol-updown-15m-1786876200-no,0.49,85.53,0.5,1
1786860873.008,sol-updown-4h-1786852800,0.09,150,0.1,16
1786860873.187,sol-updown-4h-1786852800-no,0.9,16,0.91,150
1786860873.359,btc-updown-15m-1786860000,0.02,63.82,0.04,135
1786860873.539,btc-updown-15m-1786860000-no,0.98,89,0.99,581.39
1786860874.051,xrp-updown-4h-1786852800,0.16,234,0.18,7
1786860874.240,xrp-updown-4h-1786852800-no,0.82,7,0.84,234
1786860874.413,bitcoin-up-or-down-august-16-2026-2am-et,0.31,25,0.32,64
1786860874.589,bitcoin-up-or-down-august-16-2026-2am-et-no,0.68,64,0.69,22.18
1786860876.044,btc-updown-4h-1786852800,0.14,250,0.16,6
1786860876.231,btc-updown-4h-1786852800-no,0.84,6,0.86,250
1786860876.860,eth-updown-4h-1786852800,0.09,150,0.1,31
1786860877.123,eth-updown-4h-1786852800-no,0.9,31,0.91,150
1786860878.537,sol-updown-15m-1786876200,0.5,1,0.51,85.53
1786860878.712,sol-updown-15m-1786876200-no,0.49,85.53,0.5,1
1786860878.913,sol-updown-4h-1786852800,0.09,139,0.1,11
1786860879.095,sol-updown-4h-1786852800-no,0.9,11,0.91,128
1786860880.037,xrp-updown-4h-1786852800,0.17,6,0.18,1
1786860880.213,xrp-updown-4h-1786852800-no,0.82,1,0.83,6
1786860880.395,bitcoin-up-or-down-august-16-2026-2am-et,0.29,5,0.3,24
1786860880.577,bitcoin-up-or-down-august-16-2026-2am-et-no,0.7,24,0.71,5
1786860882.132,btc-updown-4h-1786852800,0.15,420,0.16,6
1786860882.374,btc-updown-4h-1786852800-no,0.84,6,0.85,420
1786860883.044,eth-updown-4h-1786852800,0.09,150,0.1,31
1786860883.225,eth-updown-4h-1786852800-no,0.9,31,0.91,150
1786860883.891,sol-updown-15m-1786876200,0.5,1,0.51,85.53
1786860884.076,sol-updown-15m-1786876200-no,0.49,85.53,0.5,1
1786860884.274,sol-updown-4h-1786852800,0.09,128,0.1,11
1786860884.507,sol-updown-4h-1786852800-no,0.9,11,0.91,128
1786860885.555,xrp-updown-4h-1786852800,0.17,90,0.18,51
1786860885.848,xrp-updown-4h-1786852800-no,0.82,51,0.83,90
1786860886.048,bitcoin-up-or-down-august-16-2026-2am-et,0.29,5,0.3,364.66
1786860886.242,bitcoin-up-or-down-august-16-2026-2am-et-no,0.7,364.66,0.71,5
1786860888.020,btc-updown-4h-1786852800,0.15,420,0.16,6
1786860888.223,btc-updown-4h-1786852800-no,0.84,6,0.85,420
1786860888.887,eth-updown-4h-1786852800,0.09,150,0.1,31
1786860889.139,eth-updown-4h-1786852800-no,0.9,31,0.91,150
1786860889.990,sol-updown-15m-1786876200,0.5,1,0.51,85.53
1786860890.301,sol-updown-15m-1786876200-no,0.49,85.53,0.5,1
1786860890.546,sol-updown-4h-1786852800,0.09,128,0.1,11
1786860890.863,sol-updown-4h-1786852800-no,0.9,11,0.91,128
1786860892.454,xrp-updown-4h-1786852800,0.17,90,0.18,51
1786860892.629,xrp-updown-4h-1786852800-no,0.82,51,0.83,90
1786860892.801,bitcoin-up-or-down-august-16-2026-2am-et,0.29,5,0.3,349.66
1786860892.970,bitcoin-up-or-down-august-16-2026-2am-et-no,0.7,349.66,0.71,5
1786860894.437,btc-updown-4h-1786852800,0.14,250,0.16,6
1786860894.607,btc-updown-4h-1786852800-no,0.84,6,0.86,250
1786860895.142,eth-updown-4h-1786852800,0.09,150,0.1,31
1786860895.325,eth-updown-4h-1786852800-no,0.9,31,0.91,150
1786860895.860,sol-updown-15m-1786876200,0.5,1,0.51,85.53
1786860896.052,sol-updown-15m-1786876200-no,0.49,85.53,0.5,1
1786860896.239,sol-updown-4h-1786852800,0.09,128,0.1,5
1786860896.416,sol-updown-4h-1786852800-no,0.9,5,0.91,128
1786860897.602,xrp-updown-4h-1786852800,0.17,6,0.18,51
1786860897.829,xrp-updown-4h-1786852800-no,0.82,51,0.83,6
1786860898.012,bitcoin-up-or-down-august-16-2026-2am-et,0.29,119.83,0.3,20
1786860898.185,bitcoin-up-or-down-august-16-2026-2am-et-no,0.7,20,0.71,119.83
1786860899.624,btc-updown-4h-1786852800,0.14,450,0.16,6
1786860899.801,btc-updown-4h-1786852800-no,0.84,6,0.86,450
1786860900.362,eth-updown-4h-1786852800,0.09,150,0.1,20
1786860900.537,eth-updown-4h-1786852800-no,0.9,20,0.91,150
1786860901.107,sol-updown-15m-1786876200,0.5,1,0.51,85.53
1786860901.346,sol-updown-15m-1786876200-no,0.49,85.53,0.5,1
1786860901.527,sol-updown-4h-1786852800,0.09,128,0.1,5
1786860901.711,sol-updown-4h-1786852800-no,0.9,5,0.91,128
1786860902.593,xrp-updown-4h-1786852800,0.17,6,0.18,51
1786860902.776,xrp-updown-4h-1786852800-no,0.82,51,0.83,6
1786860902.954,bitcoin-up-or-down-august-16-2026-2am-et,0.31,170.83,0.32,48
1786860903.132,bitcoin-up-or-down-august-16-2026-2am-et-no,0.68,48,0.69,485.83
1786860904.585,btc-updown-4h-1786852800,0.14,450,0.16,6
1786860904.761,btc-updown-4h-1786852800-no,0.84,6,0.86,450
1786860905.299,eth-updown-4h-1786852800,0.09,150,0.1,20
1786860905.471,eth-updown-4h-1786852800-no,0.9,20,0.91,150
1786860906.003,sol-updown-15m-1786876200,0.5,1,0.51,85.53
1786860906.181,sol-updown-15m-1786876200-no,0.49,85.53,0.5,1
1786860906.373,sol-updown-4h-1786852800,0.09,128,0.1,5
1786860906.556,sol-updown-4h-1786852800-no,0.9,5,0.91,128
1786860907.463,xrp-updown-4h-1786852800,0.17,6,0.18,51
1786860907.688,xrp-updown-4h-1786852800-no,0.82,51,0.83,6
1786860907.854,bitcoin-up-or-down-august-16-2026-2am-et,0.31,354,0.32,25
1786860908.033,bitcoin-up-or-down-august-16-2026-2am-et-no,0.68,25,0.69,354
1786860909.596,btc-updown-4h-1786852800,0.14,450,0.16,6
1786860909.774,btc-updown-4h-1786852800-no,0.84,6,0.86,450
1786860910.316,eth-updown-4h-1786852800,0.09,150,0.1,20
1786860910.516,eth-updown-4h-1786852800-no,0.9,20,0.91,150
1786860911.116,sol-updown-15m-1786876200,0.5,1,0.51,85.53
1786860911.292,sol-updown-15m-1786876200-no,0.49,85.53,0.5,1
1786860911.467,sol-updown-4h-1786852800,0.09,128,0.1,5
1786860911.641,sol-updown-4h-1786852800-no,0.9,5,0.91,128
1786860912.623,xrp-updown-4h-1786852800,0.17,6,0.18,51
1786860912.834,xrp-updown-4h-1786852800-no,0.82,51,0.83,6
1786860913.015,bitcoin-up-or-down-august-16-2026-2am-et,0.31,354,0.32,53
1786860913.186,bitcoin-up-or-down-august-16-2026-2am-et-no,0.68,53,0.69,354
1786860914.909,btc-updown-4h-1786852800,0.16,194,0.17,26
1786860915.800,btc-updown-4h-1786852800-no,0.83,26,0.84,194
1786860916.397,eth-updown-4h-1786852800,0.09,150,0.1,6.38
1786860916.685,eth-updown-4h-1786852800-no,0.9,6.38,0.91,150
1786860917.209,sol-updown-15m-1786876200,0.5,1,0.51,85.53
1786860917.680,sol-updown-15m-1786876200-no,0.49,85.53,0.5,1
1786860917.866,sol-updown-4h-1786852800,0.09,128,0.1,5
1786860918.067,sol-updown-4h-1786852800-no,0.9,5,0.91,128
1786860918.974,xrp-updown-4h-1786852800,0.17,6,0.18,51
1786860919.165,xrp-updown-4h-1786852800-no,0.82,51,0.83,6
1786860919.353,bitcoin-up-or-down-august-16-2026-2am-et,0.31,39,0.32,69
1786860919.532,bitcoin-up-or-down-august-16-2026-2am-et-no,0.68,69,0.69,39
1786860920.995,btc-updown-4h-1786852800,0.16,194,0.17,6
1786860921.189,btc-updown-4h-1786852800-no,0.83,6,0.84,194
1786860921.719,eth-updown-4h-1786852800,0.09,150,0.1,6.38
1786860921.899,eth-updown-4h-1786852800-no,0.9,6.38,0.91,150
1786860922.484,sol-updown-15m-1786876200,0.5,1,0.51,85.53
1786860922.668,sol-updown-15m-1786876200-no,0.49,85.53,0.5,1
1786860922.844,sol-updown-4h-1786852800,0.09,128,0.1,5
1786860923.034,sol-updown-4h-1786852800-no,0.9,5,0.91,128
1786860923.956,xrp-updown-4h-1786852800,0.17,6,0.18,51
1786860924.147,xrp-updown-4h-1786852800-no,0.82,51,0.83,6
1786860924.323,bitcoin-up-or-down-august-16-2026-2am-et,0.31,352.55,0.32,53
1786860924.532,bitcoin-up-or-down-august-16-2026-2am-et-no,0.68,53,0.69,352.55
1786860925.996,btc-updown-4h-1786852800,0.16,194,0.17,6
1786860926.180,btc-updown-4h-1786852800-no,0.83,6,0.84,194
1786860926.719,eth-updown-4h-1786852800,0.09,150,0.1,6.38
1786860926.892,eth-updown-4h-1786852800-no,0.9,6.38,0.91,150
1786860927.595,sol-updown-15m-1786876200,0.5,1,0.51,85.53
1786860927.771,sol-updown-15m-1786876200-no,0.49,85.53,0.5,1
1786860927.952,sol-updown-4h-1786852800,0.09,128,0.1,5
1786860928.141,sol-updown-4h-1786852800-no,0.9,5,0.91,128
1786860929.063,xrp-updown-4h-1786852800,0.17,6,0.18,51
1786860929.524,xrp-updown-4h-1786852800-no,0.82,51,0.83,6
1786860929.842,bitcoin-up-or-down-august-16-2026-2am-et,0.31,352.55,0.32,53
1786860930.348,bitcoin-up-or-down-august-16-2026-2am-et-no,0.68,53,0.69,352.55
1786860932.239,btc-updown-4h-1786852800,0.16,194,0.17,6
1786860932.435,btc-updown-4h-1786852800-no,0.83,6,0.84,194
1786860933.061,eth-updown-4h-1786852800,0.09,150,0.1,6.38
1786860933.275,eth-updown-4h-1786852800-no,0.9,6.38,0.91,150
1786860934.071,sol-updown-15m-1786876200,0.5,1,0.51,85.53
1786860935.555,sol-updown-15m-1786876200-no,0.49,85.53,0.5,1
1786860935.962,sol-updown-4h-1786852800,0.09,128,0.1,5
1786860936.176,sol-updown-4h-1786852800-no,0.9,5,0.91,128
1786860937.510,xrp-updown-4h-1786852800,0.17,6,0.18,51
1786860937.680,xrp-updown-4h-1786852800-no,0.82,51,0.83,6
1786860937.869,bitcoin-up-or-down-august-16-2026-2am-et,0.31,352.55,0.32,53
1786860938.084,bitcoin-up-or-down-august-16-2026-2am-et-no,0.68,53,0.69,352.55
1786860939.658,btc-updown-4h-1786852800,0.16,614,0.17,6
1786860939.828,btc-updown-4h-1786852800-no,0.83,6,0.84,614
1786860940.363,eth-updown-4h-1786852800,0.1,10,0.12,40
1786860940.553,eth-updown-4h-1786852800-no,0.88,40,0.9,10
1786860941.103,sol-updown-15m-1786876200,0.5,1,0.51,85.53
1786860941.276,sol-updown-15m-1786876200-no,0.49,85.53,0.5,1
1786860941.448,sol-updown-4h-1786852800,0.09,128,0.1,5
1786860941.628,sol-updown-4h-1786852800-no,0.9,5,0.91,128
1786860942.583,xrp-updown-4h-1786852800,0.17,56,0.18,101
1786860942.982,xrp-updown-4h-1786852800-no,0.82,101,0.83,56
1786860943.615,bitcoin-up-or-down-august-16-2026-2am-et,0.31,352.55,0.32,53
1786860944.149,bitcoin-up-or-down-august-16-2026-2am-et-no,0.68,53,0.69,352.55
1786860945.591,btc-updown-4h-1786852800,0.16,614,0.17,6
1786860945.761,btc-updown-4h-1786852800-no,0.83,6,0.84,614
1786860946.325,eth-updown-4h-1786852800,0.11,150,0.12,40
1786860946.495,eth-updown-4h-1786852800-no,0.88,40,0.89,150
1786860947.220,sol-updown-15m-1786876200,0.5,1,0.51,85.53
1786860947.394,sol-updown-15m-1786876200-no,0.49,85.53,0.5,1
1786860947.570,sol-updown-4h-1786852800,0.09,128,0.1,5
1786860947.748,sol-updown-4h-1786852800-no,0.9,5,0.91,128
1786860948.711,xrp-updown-4h-1786852800,0.17,6,0.18,51
1786860948.887,xrp-updown-4h-1786852800-no,0.82,51,0.83,6
1786860949.074,bitcoin-up-or-down-august-16-2026-2am-et,0.31,357.55,0.32,48
1786860949.288,bitcoin-up-or-down-august-16-2026-2am-et-no,0.68,48,0.69,357.55
1786860950.752,btc-updown-4h-1786852800,0.16,614,0.17,6
1786860950.933,btc-updown-4h-1786852800-no,0.83,6,0.84,614
1786860951.462,eth-updown-4h-1786852800,0.11,150,0.12,40
1786860951.639,eth-updown-4h-1786852800-no,0.88,40,0.89,150
1786860952.289,sol-updown-15m-1786876200,0.5,1,0.51,85.53
1786860952.468,sol-updown-15m-1786876200-no,0.49,85.53,0.5,1
1786860952.668,sol-updown-4h-1786852800,0.09,128,0.1,5
1786860952.958,sol-updown-4h-1786852800-no,0.9,5,0.91,128
1786860954.121,xrp-updown-4h-1786852800,0.17,6,0.18,51
1786860954.335,xrp-updown-4h-1786852800-no,0.82,51,0.83,6
1786860954.535,bitcoin-up-or-down-august-16-2026-2am-et,0.31,37.55,0.32,38
1786860954.749,bitcoin-up-or-down-august-16-2026-2am-et-no,0.68,38,0.69,37.55
1786860957.777,btc-updown-4h-1786852800,0.16,614,0.17,6
1786860958.056,btc-updown-4h-1786852800-no,0.83,6,0.84,614
1786860959.152,eth-updown-4h-1786852800,0.11,150,0.13,292
1786860959.611,eth-updown-4h-1786852800-no,0.87,292,0.89,150
1786860960.248,sol-updown-15m-1786876200,0.5,1,0.51,85.53
1786860960.431,sol-updown-15m-1786876200-no,0.49,85.53,0.5,1
1786860960.605,sol-updown-4h-1786852800,0.09,128,0.1,5
1786860960.785,sol-updown-4h-1786852800-no,0.9,5,0.91,128
1786860961.665,xrp-updown-4h-1786852800,0.17,6,0.18,51
1786860961.839,xrp-updown-4h-1786852800-no,0.82,51,0.83,6
1786860962.008,bitcoin-up-or-down-august-16-2026-2am-et,0.31,37.55,0.32,61.5
1786860962.183,bitcoin-up-or-down-august-16-2026-2am-et-no,0.68,61.5,0.69,37.55
1786860964.151,btc-updown-4h-1786852800,0.16,614,0.17,6
1786860964.669,btc-updown-4h-1786852800-no,0.83,6,0.84,614
1786860966.852,eth-updown-4h-1786852800,0.11,150,0.13,292
1786860967.057,eth-updown-4h-1786852800-no,0.88,40,0.9,10
1786860967.886,sol-updown-15m-1786876200,0.5,1,0.51,85.53
1786860968.076,sol-updown-15m-1786876200-no,0.49,85.53,0.5,1
1786860968.279,sol-updown-4h-1786852800,0.09,128,0.1,5
1786860968.467,sol-updown-4h-1786852800-no,0.9,5,0.91,128
1786860969.520,xrp-updown-4h-1786852800,0.17,6,0.18,51
1786860969.708,xrp-updown-4h-1786852800-no,0.82,51,0.83,6
1786860969.904,bitcoin-up-or-down-august-16-2026-2am-et,0.31,5,0.32,284.5
1786860970.107,bitcoin-up-or-down-august-16-2026-2am-et-no,0.68,284.5,0.69,5
1786860971.645,btc-updown-4h-1786852800,0.16,614,0.17,6
1786860971.828,btc-updown-4h-1786852800-no,0.83,6,0.84,614
1786860972.391,eth-updown-4h-1786852800,0.09,161,0.12,322
1786860972.576,eth-updown-4h-1786852800-no,0.88,322,0.91,161
1786860973.203,sol-updown-15m-1786876200,0.5,1,0.51,85.53
1786860973.389,sol-updown-15m-1786876200-no,0.49,85.53,0.5,1
1786860973.645,sol-updown-4h-1786852800,0.09,128,0.1,5
1786860973.900,sol-updown-4h-1786852800-no,0.9,5,0.91,128
1786860974.850,xrp-updown-4h-1786852800,0.17,6,0.18,51
1786860975.032,xrp-updown-4h-1786852800-no,0.82,51,0.83,6
1786860975.207,bitcoin-up-or-down-august-16-2026-2am-et,0.31,18,0.32,263.5
1786860975.376,bitcoin-up-or-down-august-16-2026-2am-et-no,0.68,263.5,0.69,18
1786860977.005,btc-updown-4h-1786852800,0.16,614,0.18,6
1786860977.480,btc-updown-4h-1786852800-no,0.82,6,0.84,614
1786860978.941,eth-updown-4h-1786852800,0.09,21,0.12,302
1786860979.120,eth-updown-4h-1786852800-no,0.88,302,0.91,21
1786860979.645,sol-updown-15m-1786876200,0.5,1,0.51,85.53
1786860979.819,sol-updown-15m-1786876200-no,0.49,85.53,0.5,1
1786860980.041,sol-updown-4h-1786852800,0.09,128,0.1,11
1786860980.248,sol-updown-4h-1786852800-no,0.9,11,0.91,128
1786860981.215,xrp-updown-4h-1786852800,0.17,6,0.18,51
1786860981.393,xrp-updown-4h-1786852800-no,0.82,51,0.83,6
1786860981.558,bitcoin-up-or-down-august-16-2026-2am-et,0.31,10,0.32,219.86
1786860981.746,bitcoin-up-or-down-august-16-2026-2am-et-no,0.68,219.86,0.69,10
1786860983.273,btc-updown-4h-1786852800,0.16,614,0.18,6
1786860983.443,btc-updown-4h-1786852800-no,0.82,6,0.84,614
1786860984.079,eth-updown-4h-1786852800,0.09,10,0.12,70
1786860984.258,eth-updown-4h-1786852800-no,0.88,70,0.91,10
1786860984.809,sol-updown-15m-1786876200,0.5,1,0.51,85.53
1786860985.008,sol-updown-15m-1786876200-no,0.49,85.53,0.5,1
1786860985.187,sol-updown-4h-1786852800,0.09,128,0.1,11
1786860985.412,sol-updown-4h-1786852800-no,0.9,11,0.91,128
1786860986.707,xrp-updown-4h-1786852800,0.17,6,0.18,51
1786860987.048,xrp-updown-4h-1786852800-no,0.82,51,0.83,6
1786860990.671,bitcoin-up-or-down-august-16-2026-2am-et,0.31,10,0.32,278.86
1786860991.468,bitcoin-up-or-down-august-16-2026-2am-et-no,0.68,236.73,0.69,18
1786860993.870,btc-updown-4h-1786852800,0.16,614,0.18,6
1786860994.394,btc-updown-4h-1786852800-no,0.82,6,0.84,614
1786860995.329,eth-updown-4h-1786852800,0.09,10,0.12,322
1786860995.514,eth-updown-4h-1786852800-no,0.88,322,0.91,10
1786860996.013,sol-updown-15m-1786876200,0.5,1,0.51,85.53
1786860996.206,sol-updown-15m-1786876200-no,0.49,85.53,0.5,1
1786860996.396,sol-updown-4h-1786852800,0.09,128,0.1,11
1786860996.617,sol-updown-4h-1786852800-no,0.9,11,0.91,128
1786860997.552,xrp-updown-4h-1786852800,0.17,190,0.18,51
1786860997.726,xrp-updown-4h-1786852800-no,0.82,51,0.83,190
1786860997.913,bitcoin-up-or-down-august-16-2026-2am-et,0.31,10,0.32,271.3
1786860998.091,bitcoin-up-or-down-august-16-2026-2am-et-no,0.68,271.3,0.69,10
1786860999.524,btc-updown-4h-1786852800,0.16,614,0.18,6
1786860999.702,btc-updown-4h-1786852800-no,0.82,6,0.84,614
1786861000.244,eth-updown-4h-1786852800,0.09,10,0.12,322
1786861000.423,eth-updown-4h-1786852800-no,0.88,322,0.91,10
1786861000.984,sol-updown-15m-1786876200,0.5,1,0.51,85.53
1786861001.174,sol-updown-15m-1786876200-no,0.49,85.53,0.5,1
1786861001.639,sol-updown-4h-1786852800,0.09,128,0.1,11
1786861001.841,sol-updown-4h-1786852800-no,0.9,11,0.91,128
1786861003.112,xrp-updown-4h-1786852800,0.17,190,0.18,51
1786861003.300,xrp-updown-4h-1786852800-no,0.82,51,0.83,190
1786861003.594,bitcoin-up-or-down-august-16-2026-2am-et,0.31,10,0.32,586.3
1786861003.758,bitcoin-up-or-down-august-16-2026-2am-et-no,0.68,586.3,0.69,10
1786861005.129,btc-updown-4h-1786852800,0.16,614,0.18,6
1786861005.299,btc-updown-4h-1786852800-no,0.82,6,0.84,614
1786861005.781,eth-updown-4h-1786852800,0.09,10,0.12,322
1786861005.999,eth-updown-4h-1786852800-no,0.88,322,0.91,10
1786861007.016,sol-updown-15m-1786876200,0.5,1,0.51,85.53
1786861007.826,sol-updown-15m-1786876200-no,0.49,85.53,0.5,1
1786861007.999,sol-updown-4h-1786852800,0.09,128,0.1,11
1786861008.161,sol-updown-4h-1786852800-no,0.9,11,0.91,128
1786861009.004,xrp-updown-4h-1786852800,0.17,190,0.18,51
1786861009.170,xrp-updown-4h-1786852800-no,0.82,51,0.83,190
1786861009.330,bitcoin-up-or-down-august-16-2026-2am-et,0.31,133.83,0.32,35
1786861009.504,bitcoin-up-or-down-august-16-2026-2am-et-no,0.68,35,0.69,133.83
1786861010.814,btc-updown-4h-1786852800,0.16,614,0.18,6
1786861010.974,btc-updown-4h-1786852800-no,0.82,6,0.84,614
1786861011.444,eth-updown-4h-1786852800,0.09,10,0.12,30
1786861011.630,eth-updown-4h-1786852800-no,0.88,30,0.91,10
1786861012.333,sol-updown-15m-1786876200,0.5,1,0.51,85.53
1786861012.509,sol-updown-15m-1786876200-no,0.49,85.53,0.5,1
1786861012.710,sol-updown-4h-1786852800,0.09,128,0.1,11
1786861012.868,sol-updown-4h-1786852800-no,0.9,11,0.91,128
1786861013.792,xrp-updown-4h-1786852800,0.17,190,0.18,51
1786861013.973,xrp-updown-4h-1786852800-no,0.82,51,0.83,190
1786861014.150,bitcoin-up-or-down-august-16-2026-2am-et,0.31,10,0.32,252
1786861014.316,bitcoin-up-or-down-august-16-2026-2am-et-no,0.68,229,0.69,10
1786861019.445,btc-updown-4h-1786852800,0.16,614,0.18,6
1786861019.627,btc-updown-4h-1786852800-no,0.82,6,0.84,614
1786861021.613,eth-updown-4h-1786852800,0.1,10,0.13,40
1786861022.173,eth-updown-4h-1786852800-no,0.85,56,0.91,262
1786861023.582,sol-updown-15m-1786876200,0.5,1,0.51,85.53
1786861023.761,sol-updown-15m-1786876200-no,0.49,85.53,0.5,1
1786861023.934,sol-updown-4h-1786852800,0.09,128,0.1,11
1786861024.135,sol-updown-4h-1786852800-no,0.9,11,0.91,128
1786861025.989,xrp-updown-4h-1786852800,0.17,190,0.18,51
1786861026.316,xrp-updown-4h-1786852800-no,0.82,51,0.83,190
1786861026.487,bitcoin-up-or-down-august-16-2026-2am-et,0.31,83.55,0.32,377.98
1786861026.650,bitcoin-up-or-down-august-16-2026-2am-et-no,0.68,370.98,0.69,83.55
1786861034.246,btc-updown-4h-1786852800,0.16,614,0.17,6
1786861034.430,btc-updown-4h-1786852800-no,0.83,6,0.84,614
1786861034.596,eth-updown-4h-1786852800,0.09,10,0.12,90
1786861034.769,eth-updown-4h-1786852800-no,0.88,90,0.91,10
1786861034.964,sol-updown-15m-1786876200,0.5,1,0.51,85.53
1786861035.122,sol-updown-15m-1786876200-no,0.49,85.53,0.5,1
1786861035.281,sol-updown-4h-1786852800,0.09,128,0.1,11
1786861035.447,sol-updown-4h-1786852800-no,0.9,11,0.91,128
1786861035.929,xrp-updown-4h-1786852800,0.17,190,0.18,51
1786861036.096,xrp-updown-4h-1786852800-no,0.82,51,0.83,190
1786861036.253,bitcoin-up-or-down-august-16-2026-2am-et,0.3,5,0.31,189
1786861036.416,bitcoin-up-or-down-august-16-2026-2am-et-no,0.69,189,0.7,5
1786861037.075,btc-updown-4h-1786852800,0.16,614,0.17,6
1786861037.279,btc-updown-4h-1786852800-no,0.83,6,0.84,614
1786861037.479,eth-updown-4h-1786852800,0.09,10,0.12,90
1786861037.682,eth-updown-4h-1786852800-no,0.88,342,0.91,10
1786861037.901,sol-updown-15m-1786876200,0.5,1,0.51,85.53
1786861038.090,sol-updown-15m-1786876200-no,0.49,85.53,0.5,1
1786861038.306,sol-updown-4h-1786852800,0.09,128,0.1,11
1786861038.463,sol-updown-4h-1786852800-no,0.9,11,0.91,128
1786861039.203,xrp-updown-4h-1786852800,0.17,190,0.18,51
1786861039.376,xrp-updown-4h-1786852800-no,0.82,51,0.83,190
1786861039.550,bitcoin-up-or-down-august-16-2026-2am-et,0.3,5,0.31,189
1786861039.762,bitcoin-up-or-down-august-16-2026-2am-et-no,0.69,189,0.7,5
1786861040.472,btc-updown-4h-1786852800,0.15,70,0.17,6
1786861040.646,btc-updown-4h-1786852800-no,0.83,6,0.85,70
1786861040.822,eth-updown-4h-1786852800,0.08,41,0.12,342
1786861040.998,eth-updown-4h-1786852800-no,0.88,342,0.92,41
1786861041.160,sol-updown-15m-1786876200,0.5,1,0.51,85.53
1786861041.349,sol-updown-15m-1786876200-no,0.49,85.53,0.5,1
1786861041.510,sol-updown-4h-1786852800,0.09,128,0.1,11
1786861041.697,sol-updown-4h-1786852800-no,0.9,11,0.91,128
1786861042.202,xrp-updown-4h-1786852800,0.17,190,0.18,51
1786861042.372,xrp-updown-4h-1786852800-no,0.82,51,0.83,190
1786861042.532,bitcoin-up-or-down-august-16-2026-2am-et,0.3,5,0.31,185.77
1786861042.702,bitcoin-up-or-down-august-16-2026-2am-et-no,0.69,185.77,0.7,5
1786861043.507,btc-updown-4h-1786852800,0.15,490,0.17,6
1786861043.675,btc-updown-4h-1786852800-no,0.83,6,0.85,490
1786861043.837,eth-updown-4h-1786852800,0.08,41,0.12,342
1786861044.028,eth-updown-4h-1786852800-no,0.88,342,0.92,41
1786861044.205,sol-updown-15m-1786876200,0.5,1,0.51,85.53
1786861044.373,sol-updown-15m-1786876200-no,0.49,85.53,0.5,1
1786861044.549,sol-updown-4h-1786852800,0.09,128,0.1,11
1786861044.737,sol-updown-4h-1786852800-no,0.9,11,0.91,128
1786861045.307,xrp-updown-4h-1786852800,0.17,190,0.18,51
1786861045.510,xrp-updown-4h-1786852800-no,0.82,51,0.83,190
1786861045.715,bitcoin-up-or-down-august-16-2026-2am-et,0.3,5,0.31,185.77
1786861045.881,bitcoin-up-or-down-august-16-2026-2am-et-no,0.69,185.77,0.7,5
1786861046.652,btc-updown-4h-1786852800,0.15,490,0.17,6
1786861046.890,btc-updown-4h-1786852800-no,0.83,6,0.85,490
1786861047.134,eth-updown-4h-1786852800,0.07,61,0.12,342
1786861047.319,eth-updown-4h-1786852800-no,0.88,342,0.93,61
1786861047.665,sol-updown-15m-1786876200,0.5,1,0.51,85.53
1786861047.846,sol-updown-15m-1786876200-no,0.49,85.53,0.5,1
1786861048.038,sol-updown-4h-1786852800,0.09,128,0.1,11
1786861048.209,sol-updown-4h-1786852800-no,0.9,11,0.91,128
1786861048.740,xrp-updown-4h-1786852800,0.17,190,0.18,51
1786861048.909,xrp-updown-4h-1786852800-no,0.82,51,0.83,190
1786861049.083,bitcoin-up-or-down-august-16-2026-2am-et,0.3,5,0.31,185.77
1786861049.317,bitcoin-up-or-down-august-16-2026-2am-et-no,0.69,185.77,0.7,5
1786861050.415,btc-updown-4h-1786852800,0.15,490,0.17,6
1786861050.662,btc-updown-4h-1786852800-no,0.83,6,0.85,490
1786861050.851,eth-updown-4h-1786852800,0.07,61,0.12,342
1786861051.012,eth-updown-4h-1786852800-no,0.88,342,0.93,61
1786861051.185,sol-updown-15m-1786876200,0.5,1,0.51,85.53
1786861051.372,sol-updown-15m-1786876200-no,0.49,85.53,0.5,1
1786861051.560,sol-updown-4h-1786852800,0.09,128,0.1,11
1786861051.801,sol-updown-4h-1786852800-no,0.9,11,0.91,128
1786861052.290,xrp-updown-4h-1786852800,0.17,190,0.18,51
1786861052.525,xrp-updown-4h-1786852800-no,0.82,51,0.83,190
1786861054.323,bitcoin-up-or-down-august-16-2026-2am-et,0.3,5,0.31,213.77
1786861054.525,bitcoin-up-or-down-august-16-2026-2am-et-no,0.69,222,0.7,25
1786861055.236,btc-updown-4h-1786852800,0.15,490,0.17,6
1786861055.393,btc-updown-4h-1786852800-no,0.83,6,0.85,490
1786861056.208,eth-updown-4h-1786852800,0.07,61,0.12,342
1786861056.418,eth-updown-4h-1786852800-no,0.88,342,0.93,61
1786861056.670,sol-updown-15m-1786876200,0.5,1,0.51,85.53
1786861057.105,sol-updown-15m-1786876200-no,0.49,85.53,0.5,1
1786861057.311,sol-updown-4h-1786852800,0.09,128,0.1,11
1786861057.475,sol-updown-4h-1786852800-no,0.9,11,0.91,128
1786861058.086,xrp-updown-4h-1786852800,0.17,190,0.18,51
1786861059.531,xrp-updown-4h-1786852800-no,0.82,51,0.83,190
1786861059.711,bitcoin-up-or-down-august-16-2026-2am-et,0.3,25,0.31,237
1786861059.890,bitcoin-up-or-down-august-16-2026-2am-et-no,0.69,237,0.7,25
1786861060.574,btc-updown-4h-1786852800,0.15,490,0.17,6
1786861060.733,btc-updown-4h-1786852800-no,0.83,6,0.85,490
1786861060.901,eth-updown-4h-1786852800,0.07,61,0.12,342
1786861061.079,eth-updown-4h-1786852800-no,0.88,342,0.93,61
1786861061.251,sol-updown-15m-1786876200,0.5,1,0.51,85.53
1786861061.414,sol-updown-15m-1786876200-no,0.49,85.53,0.5,1
1786861061.576,sol-updown-4h-1786852800,0.09,128,0.1,11
1786861061.741,sol-updown-4h-1786852800-no,0.9,11,0.91,128
1786861062.228,xrp-updown-4h-1786852800,0.17,190,0.18,51
1786861062.387,xrp-updown-4h-1786852800-no,0.82,51,0.83,190
1786861062.549,bitcoin-up-or-down-august-16-2026-2am-et,0.3,25,0.31,237
1786861062.709,bitcoin-up-or-down-august-16-2026-2am-et-no,0.69,237,0.7,25
1786861063.601,btc-updown-4h-1786852800,0.15,490,0.17,6
1786861063.757,btc-updown-4h-1786852800-no,0.83,6,0.85,490
1786861063.915,eth-updown-4h-1786852800,0.07,50,0.12,342
1786861064.077,eth-updown-4h-1786852800-no,0.88,342,0.93,50
1786861064.260,sol-updown-15m-1786876200,0.5,1,0.51,85.53
1786861064.422,sol-updown-15m-1786876200-no,0.49,85.53,0.5,1
1786861064.581,sol-updown-4h-1786852800,0.09,128,0.1,11
1786861064.760,sol-updown-4h-1786852800-no,0.9,11,0.91,128
1786861065.261,xrp-updown-4h-1786852800,0.17,190,0.18,51
1786861065.422,xrp-updown-4h-1786852800-no,0.82,51,0.83,190
1786861065.580,bitcoin-up-or-down-august-16-2026-2am-et,0.3,25,0.31,237
1786861065.739,bitcoin-up-or-down-august-16-2026-2am-et-no,0.69,222,0.7,25
1786861066.572,btc-updown-4h-1786852800,0.15,490,0.17,6
1786861066.831,btc-updown-4h-1786852800-no,0.83,6,0.85,490
1786861067.302,eth-updown-4h-1786852800,0.07,61,0.12,342
1786861067.916,eth-updown-4h-1786852800-no,0.88,342,0.93,61
1786861068.084,sol-updown-15m-1786876200,0.5,1,0.51,85.53
1786861068.245,sol-updown-15m-1786876200-no,0.49,85.53,0.5,1
1786861068.421,sol-updown-4h-1786852800,0.09,128,0.1,11
1786861068.588,sol-updown-4h-1786852800-no,0.9,11,0.91,128
1786861069.057,xrp-updown-4h-1786852800,0.17,6,0.18,51
1786861069.215,xrp-updown-4h-1786852800-no,0.82,51,0.83,6
1786861069.374,bitcoin-up-or-down-august-16-2026-2am-et,0.3,25,0.31,237
1786861069.545,bitcoin-up-or-down-august-16-2026-2am-et-no,0.69,237,0.7,25
1786861070.212,btc-updown-4h-1786852800,0.15,490,0.17,6
1786861070.371,btc-updown-4h-1786852800-no,0.83,6,0.85,490
1786861070.542,eth-updown-4h-1786852800,0.07,61,0.12,342
1786861070.710,eth-updown-4h-1786852800-no,0.88,342,0.93,61
1786861070.868,sol-updown-15m-1786876200,0.5,1,0.51,85.53
1786861071.029,sol-updown-15m-1786876200-no,0.49,85.53,0.5,1
1786861071.190,sol-updown-4h-1786852800,0.09,128,0.1,11
1786861071.356,sol-updown-4h-1786852800-no,0.9,11,0.91,128
1786861071.853,xrp-updown-4h-1786852800,0.16,234,0.18,57
1786861072.082,xrp-updown-4h-1786852800-no,0.82,57,0.84,234
1786861072.256,bitcoin-up-or-down-august-16-2026-2am-et,0.3,25,0.31,237
1786861072.419,bitcoin-up-or-down-august-16-2026-2am-et-no,0.69,552,0.7,25
1786861073.212,btc-updown-4h-1786852800,0.15,490,0.17,6
1786861073.398,btc-updown-4h-1786852800-no,0.83,6,0.85,490
1786861073.561,eth-updown-4h-1786852800,0.07,61,0.12,342
1786861073.742,eth-updown-4h-1786852800-no,0.88,342,0.93,61
1786861073.933,sol-updown-15m-1786876200,0.5,1,0.51,85.53
1786861074.099,sol-updown-15m-1786876200-no,0.49,85.53,0.5,1
1786861074.260,sol-updown-4h-1786852800,0.09,128,0.1,11
1786861074.421,sol-updown-4h-1786852800-no,0.9,11,0.91,128
1786861074.935,xrp-updown-4h-1786852800,0.16,234,0.18,57
1786861075.090,xrp-updown-4h-1786852800-no,0.82,57,0.84,234
1786861075.255,bitcoin-up-or-down-august-16-2026-2am-et,0.3,25,0.31,552
1786861075.422,bitcoin-up-or-down-august-16-2026-2am-et-no,0.69,552,0.7,25
1786861076.212,btc-updown-4h-1786852800,0.15,490,0.17,6
1786861076.375,btc-updown-4h-1786852800-no,0.83,6,0.85,490
1786861076.534,eth-updown-4h-1786852800,0.07,41,0.11,302
1786861076.702,eth-updown-4h-1786852800-no,0.89,302,0.93,41
1786861076.892,sol-updown-15m-1786876200,0.5,1,0.51,85.53
1786861077.052,sol-updown-15m-1786876200-no,0.49,85.53,0.5,1
1786861077.238,sol-updown-4h-1786852800,0.09,128,0.1,11
1786861077.399,sol-updown-4h-1786852800-no,0.9,11,0.91,128
1786861077.895,xrp-updown-4h-1786852800,0.17,6,0.18,7
1786861078.056,xrp-updown-4h-1786852800-no,0.82,7,0.83,6
1786861078.217,bitcoin-up-or-down-august-16-2026-2am-et,0.3,70.8,0.31,59
1786861078.383,bitcoin-up-or-down-august-16-2026-2am-et-no,0.69,59,0.7,70.8
1786861079.225,btc-updown-4h-1786852800,0.15,490,0.17,6
1786861079.498,btc-updown-4h-1786852800-no,0.83,6,0.85,490
1786861079.697,eth-updown-4h-1786852800,0.07,30,0.11,302
1786861079.861,eth-updown-4h-1786852800-no,0.89,302,0.93,10
1786861080.026,sol-updown-15m-1786876200,0.5,1,0.51,85.53
1786861080.208,sol-updown-15m-1786876200-no,0.49,85.53,0.5,1
1786861080.370,sol-updown-4h-1786852800,0.09,128,0.1,11
1786861080.565,sol-updown-4h-1786852800-no,0.9,11,0.91,128
1786861081.061,xrp-updown-4h-1786852800,0.17,6,0.18,57
1786861081.315,xrp-updown-4h-1786852800-no,0.82,57,0.83,6
1786861081.475,bitcoin-up-or-down-august-16-2026-2am-et,0.3,70.8,0.31,77.32
1786861081.704,bitcoin-up-or-down-august-16-2026-2am-et-no,0.69,67,0.7,25
1786861082.509,btc-updown-4h-1786852800,0.15,490,0.17,6
1786861082.692,btc-updown-4h-1786852800-no,0.83,6,0.85,490
1786861082.870,eth-updown-4h-1786852800,0.07,30,0.11,302
1786861083.044,eth-updown-4h-1786852800-no,0.89,302,0.93,30
1786861083.220,sol-updown-15m-1786876200,0.5,1,0.51,85.53
1786861083.398,sol-updown-15m-1786876200-no,0.49,85.53,0.5,1
1786861083.558,sol-updown-4h-1786852800,0.09,128,0.1,11
1786861083.734,sol-updown-4h-1786852800-no,0.9,11,0.91,128
1786861084.284,xrp-updown-4h-1786852800,0.17,6,0.18,57
1786861084.445,xrp-updown-4h-1786852800-no,0.82,57,0.83,6
1786861084.622,bitcoin-up-or-down-august-16-2026-2am-et,0.3,25,0.31,237
1786861084.796,bitcoin-up-or-down-august-16-2026-2am-et-no,0.69,237,0.7,25
1786861085.485,btc-updown-4h-1786852800,0.15,490,0.17,6
1786861085.671,btc-updown-4h-1786852800-no,0.83,6,0.85,490
1786861085.842,eth-updown-4h-1786852800,0.07,10,0.11,302
1786861086.018,eth-updown-4h-1786852800-no,0.89,302,0.93,30
1786861086.184,sol-updown-15m-1786876200,0.5,1,0.51,85.53
1786861086.614,sol-updown-15m-1786876200-no,0.49,85.53,0.5,1
1786861086.792,sol-updown-4h-1786852800,0.09,128,0.1,11
1786861086.960,sol-updown-4h-1786852800-no,0.9,11,0.91,128
1786861087.448,xrp-updown-4h-1786852800,0.16,234,0.18,7
1786861087.613,xrp-updown-4h-1786852800-no,0.82,7,0.84,234
1786861087.822,bitcoin-up-or-down-august-16-2026-2am-et,0.3,25,0.31,532.64
1786861088.009,bitcoin-up-or-down-august-16-2026-2am-et-no,0.69,532.64,0.7,25
1786861089.314,btc-updown-4h-1786852800,0.15,490,0.17,6
1786861089.500,btc-updown-4h-1786852800-no,0.83,6,0.85,490
1786861089.660,eth-updown-4h-1786852800,0.07,30,0.11,302
1786861089.825,eth-updown-4h-1786852800-no,0.89,302,0.93,30
1786861089.996,sol-updown-15m-1786876200,0.5,1,0.51,85.53
1786861090.217,sol-updown-15m-1786876200-no,0.49,85.53,0.5,1
1786861090.402,sol-updown-4h-1786852800,0.09,128,0.1,11
1786861090.586,sol-updown-4h-1786852800-no,0.9,11,0.91,128
1786861091.149,xrp-updown-4h-1786852800,0.16,234,0.18,57
1786861091.332,xrp-updown-4h-1786852800-no,0.82,57,0.84,234
1786861091.506,bitcoin-up-or-down-august-16-2026-2am-et,0.3,35,0.31,548.64
1786861091.666,bitcoin-up-or-down-august-16-2026-2am-et-no,0.69,548.64,0.7,35
1786861092.376,btc-updown-4h-1786852800,0.15,490,0.17,6
1786861092.548,btc-updown-4h-1786852800-no,0.83,6,0.85,490
1786861092.704,eth-updown-4h-1786852800,0.07,30,0.11,302
1786861092.875,eth-updown-4h-1786852800-no,0.89,302,0.93,30
1786861093.045,sol-updown-15m-1786876200,0.5,1,0.51,85.53
1786861093.215,sol-updown-15m-1786876200-no,0.49,85.53,0.5,1
1786861093.378,sol-updown-4h-1786852800,0.09,128,0.1,11
1786861093.547,sol-updown-4h-1786852800-no,0.9,11,0.91,128
1786861094.030,xrp-updown-4h-1786852800,0.17,6,0.18,51
1786861094.205,xrp-updown-4h-1786852800-no,0.82,51,0.83,6
1786861094.367,bitcoin-up-or-down-august-16-2026-2am-et,0.3,437.69,0.31,20
1786861094.531,bitcoin-up-or-down-august-16-2026-2am-et-no,0.69,20,0.7,437.69
1786861095.388,btc-updown-4h-1786852800,0.15,490,0.17,6
1786861095.555,btc-updown-4h-1786852800-no,0.83,6,0.85,490
1786861095.712,eth-updown-4h-1786852800,0.07,30,0.11,302
1786861095.875,eth-updown-4h-1786852800-no,0.89,302,0.93,30
1786861096.042,sol-updown-15m-1786876200,0.5,1,0.51,85.53
1786861096.201,sol-updown-15m-1786876200-no,0.49,85.53,0.5,1
1786861096.369,sol-updown-4h-1786852800,0.09,128,0.1,11
1786861096.530,sol-updown-4h-1786852800-no,0.9,11,0.91,128
1786861097.027,xrp-updown-4h-1786852800,0.16,234,0.18,7
1786861097.190,xrp-updown-4h-1786852800-no,0.82,7,0.84,234
1786861097.348,bitcoin-up-or-down-august-16-2026-2am-et,0.31,391.69,0.32,95
1786861097.515,bitcoin-up-or-down-august-16-2026-2am-et-no,0.66,220,0.69,365
1786861098.538,btc-updown-4h-1786852800,0.15,470,0.17,6
1786861098.701,btc-updown-4h-1786852800-no,0.83,6,0.85,470
1786861098.906,eth-updown-4h-1786852800,0.07,30,0.11,302
1786861099.071,eth-updown-4h-1786852800-no,0.89,302,0.93,30
1786861099.236,sol-updown-15m-1786876200,0.5,1,0.51,85.53
1786861099.402,sol-updown-15m-1786876200-no,0.49,85.53,0.5,1
1786861099.561,sol-updown-4h-1786852800,0.09,128,0.1,5
1786861099.729,sol-updown-4h-1786852800-no,0.9,5,0.91,128
1786861100.205,xrp-updown-4h-1786852800,0.17,6,0.18,57
1786861100.368,xrp-updown-4h-1786852800-no,0.82,57,0.83,6
1786861100.525,bitcoin-up-or-down-august-16-2026-2am-et,0.33,330,0.34,288
1786861100.701,bitcoin-up-or-down-august-16-2026-2am-et-no,0.66,288,0.67,330
1786861101.514,btc-updown-4h-1786852800,0.15,470,0.17,6
1786861101.691,btc-updown-4h-1786852800-no,0.83,6,0.85,470
1786861101.891,eth-updown-4h-1786852800,0.07,30,0.11,302
1786861102.052,eth-updown-4h-1786852800-no,0.89,302,0.93,30
1786861102.211,sol-updown-15m-1786876200,0.5,1,0.51,85.53
1786861102.394,sol-updown-15m-1786876200-no,0.49,85.53,0.5,1
1786861102.567,sol-updown-4h-1786852800,0.09,128,0.1,5
1786861102.724,sol-updown-4h-1786852800-no,0.9,5,0.91,128
1786861103.235,xrp-updown-4h-1786852800,0.16,234,0.18,57
1786861103.409,xrp-updown-4h-1786852800-no,0.82,57,0.84,234
1786861103.577,bitcoin-up-or-down-august-16-2026-2am-et,0.34,320,0.35,178
1786861103.761,bitcoin-up-or-down-august-16-2026-2am-et-no,0.65,178,0.66,320
1786861104.457,btc-updown-4h-1786852800,0.15,470,0.17,6
1786861104.631,btc-updown-4h-1786852800-no,0.83,6,0.85,470
1786861104.794,eth-updown-4h-1786852800,0.07,30,0.11,302
1786861104.966,eth-updown-4h-1786852800-no,0.89,302,0.93,30
1786861105.128,sol-updown-15m-1786876200,0.5,1,0.51,85.53
1786861105.295,sol-updown-15m-1786876200-no,0.49,85.53,0.5,1
1786861105.462,sol-updown-4h-1786852800,0.09,128,0.1,5
1786861105.650,sol-updown-4h-1786852800-no,0.9,5,0.91,128
1786861106.130,xrp-updown-4h-1786852800,0.16,234,0.18,57
1786861106.326,xrp-updown-4h-1786852800-no,0.82,57,0.84,234
1786861106.483,bitcoin-up-or-down-august-16-2026-2am-et,0.34,336,0.35,178
1786861106.650,bitcoin-up-or-down-august-16-2026-2am-et-no,0.65,178,0.66,336
1786861107.451,btc-updown-4h-1786852800,0.15,470,0.18,6
1786861107.612,btc-updown-4h-1786852800-no,0.82,6,0.85,470
1786861107.792,eth-updown-4h-1786852800,0.07,30,0.11,302
1786861108.002,eth-updown-4h-1786852800-no,0.89,302,0.93,30
1786861108.171,sol-updown-15m-1786876200,0.5,1,0.51,85.53
1786861108.326,sol-updown-15m-1786876200-no,0.49,85.53,0.5,1
1786861108.515,sol-updown-4h-1786852800,0.09,128,0.1,5
1786861108.680,sol-updown-4h-1786852800-no,0.9,5,0.91,128
1786861109.154,xrp-updown-4h-1786852800,0.17,6,0.18,7
1786861109.325,xrp-updown-4h-1786852800-no,0.82,57,0.83,6
1786861109.485,bitcoin-up-or-down-august-16-2026-2am-et,0.37,191.69,0.38,40
1786861109.657,bitcoin-up-or-down-august-16-2026-2am-et-no,0.6,66,0.61,122.69
1786861110.461,btc-updown-4h-1786852800,0.18,6,0.19,5
1786861110.622,btc-updown-4h-1786852800-no,0.81,5,0.82,426
1786861110.790,eth-updown-4h-1786852800,0.08,10,0.11,282
1786861110.949,eth-updown-4h-1786852800-no,0.89,282,0.92,10
1786861111.110,sol-updown-15m-1786876200,0.5,1,0.51,85.53
1786861111.268,sol-updown-15m-1786876200-no,0.49,85.53,0.5,1
1786861111.427,sol-updown-4h-1786852800,0.09,128,0.1,5
1786861111.601,sol-updown-4h-1786852800-no,0.9,5,0.91,128
1786861112.094,xrp-updown-4h-1786852800,0.17,6,0.18,51
1786861112.298,xrp-updown-4h-1786852800-no,0.82,51,0.83,6
1786861112.470,bitcoin-up-or-down-august-16-2026-2am-et,0.39,93.69,0.4,28
1786861112.625,bitcoin-up-or-down-august-16-2026-2am-et-no,0.6,70,0.61,63.69
1786861113.467,btc-updown-4h-1786852800,0.18,426,0.19,11
1786861113.636,btc-updown-4h-1786852800-no,0.81,11,0.82,426
1786861113.789,eth-updown-4h-1786852800,0.08,10,0.11,282
1786861113.949,eth-updown-4h-1786852800-no,0.89,282,0.92,10
1786861114.105,sol-updown-15m-1786876200,0.5,1,0.51,85.53
1786861114.274,sol-updown-15m-1786876200-no,0.49,85.53,0.5,1
1786861114.439,sol-updown-4h-1786852800,0.09,128,0.1,5
1786861114.604,sol-updown-4h-1786852800-no,0.9,5,0.91,128
1786861115.148,xrp-updown-4h-1786852800,0.16,234,0.18,57
1786861115.310,xrp-updown-4h-1786852800-no,0.82,57,0.84,234
1786861115.484,bitcoin-up-or-down-august-16-2026-2am-et,0.39,364,0.4,215
1786861115.643,bitcoin-up-or-down-august-16-2026-2am-et-no,0.6,215,0.61,364
1786861116.488,btc-updown-4h-1786852800,0.18,426,0.19,5
1786861116.654,btc-updown-4h-1786852800-no,0.81,5,0.82,426
1786861116.817,eth-updown-4h-1786852800,0.08,10,0.11,282
1786861117.035,eth-updown-4h-1786852800-no,0.89,282,0.92,10
1786861117.242,sol-updown-15m-1786876200,0.5,1,0.51,85.53
1786861117.454,sol-updown-15m-1786876200-no,0.49,85.53,0.5,1
1786861117.619,sol-updown-4h-1786852800,0.09,128,0.1,5
1786861117.797,sol-updown-4h-1786852800-no,0.9,5,0.91,128
1786861118.301,xrp-updown-4h-1786852800,0.17,6,0.18,7
1786861118.482,xrp-updown-4h-1786852800-no,0.82,57,0.83,6
1786861118.651,bitcoin-up-or-down-august-16-2026-2am-et,0.39,588,0.4,187
1786861118.813,bitcoin-up-or-down-august-16-2026-2am-et-no,0.6,187,0.61,513
1786861119.486,btc-updown-4h-1786852800,0.18,426,0.19,5
1786861119.651,btc-updown-4h-1786852800-no,0.81,5,0.82,426
1786861119.813,eth-updown-4h-1786852800,0.08,10,0.11,282
1786861119.985,eth-updown-4h-1786852800-no,0.89,282,0.92,10
1786861120.146,sol-updown-15m-1786876200,0.5,1,0.51,85.53
1786861120.319,sol-updown-15m-1786876200-no,0.49,85.53,0.5,1
1786861120.481,sol-updown-4h-1786852800,0.09,128,0.1,5
1786861120.659,sol-updown-4h-1786852800-no,0.9,5,0.91,128
1786861121.211,xrp-updown-4h-1786852800,0.16,234,0.18,57
1786861121.504,xrp-updown-4h-1786852800-no,0.82,57,0.84,234
1786861121.709,bitcoin-up-or-down-august-16-2026-2am-et,0.4,493,0.41,187
1786861121.949,bitcoin-up-or-down-august-16-2026-2am-et-no,0.59,187,0.6,493
1786861122.819,btc-updown-4h-1786852800,0.18,426,0.19,5
1786861123.007,btc-updown-4h-1786852800-no,0.81,5,0.82,426
1786861123.241,eth-updown-4h-1786852800,0.08,10,0.11,282
1786861123.409,eth-updown-4h-1786852800-no,0.89,282,0.92,10
1786861123.591,sol-updown-15m-1786876200,0.5,1,0.51,85.53
1786861123.759,sol-updown-15m-1786876200-no,0.49,85.53,0.5,1
1786861123.929,sol-updown-4h-1786852800,0.09,128,0.1,5
1786861124.095,sol-updown-4h-1786852800-no,0.9,5,0.91,128
1786861124.611,xrp-updown-4h-1786852800,0.16,234,0.18,57
1786861124.782,xrp-updown-4h-1786852800-no,0.82,57,0.84,234
1786861124.955,bitcoin-up-or-down-august-16-2026-2am-et,0.4,524,0.41,62
1786861125.123,bitcoin-up-or-down-august-16-2026-2am-et-no,0.59,62,0.6,524
1786861125.840,btc-updown-4h-1786852800,0.18,426,0.19,5
1786861126.086,btc-updown-4h-1786852800-no,0.81,5,0.82,426
1786861126.279,eth-updown-4h-1786852800,0.08,10,0.11,282
1786861126.514,eth-updown-4h-1786852800-no,0.89,282,0.92,10
1786861126.673,sol-updown-15m-1786876200,0.5,1,0.51,85.53
1786861127.542,sol-updown-15m-1786876200-no,0.49,85.53,0.5,1
1786861127.766,sol-updown-4h-1786852800,0.09,128,0.1,5
1786861128.015,sol-updown-4h-1786852800-no,0.9,5,0.91,128
1786861128.493,xrp-updown-4h-1786852800,0.16,234,0.18,57
1786861128.676,xrp-updown-4h-1786852800-no,0.82,57,0.84,234
1786861128.942,bitcoin-up-or-down-august-16-2026-2am-et,0.46,20,0.47,225.68
1786861129.111,bitcoin-up-or-down-august-16-2026-2am-et-no,0.53,202.68,0.54,388.69
1786861129.818,btc-updown-4h-1786852800,0.18,426,0.19,5
1786861129.983,btc-updown-4h-1786852800-no,0.81,5,0.82,426
1786861130.155,eth-updown-4h-1786852800,0.08,10,0.11,282
1786861130.346,eth-updown-4h-1786852800-no,0.89,282,0.92,10
1786861130.514,sol-updown-15m-1786876200,0.5,1,0.51,85.53
1786861130.705,sol-updown-15m-1786876200-no,0.49,85.53,0.5,1
1786861130.870,sol-updown-4h-1786852800,0.09,128,0.1,5
1786861131.043,sol-updown-4h-1786852800-no,0.9,5,0.91,128
1786861131.535,xrp-updown-4h-1786852800,0.17,6,0.18,57
1786861131.744,xrp-updown-4h-1786852800-no,0.82,57,0.83,6
1786861131.945,bitcoin-up-or-down-august-16-2026-2am-et,0.46,330,0.47,269.68
1786861132.104,bitcoin-up-or-down-august-16-2026-2am-et-no,0.53,144.68,0.54,330
1786861132.841,btc-updown-4h-1786852800,0.18,426,0.19,5
1786861133.001,btc-updown-4h-1786852800-no,0.81,5,0.82,426
1786861133.163,eth-updown-4h-1786852800,0.08,10,0.11,282
1786861133.327,eth-updown-4h-1786852800-no,0.89,282,0.92,10
1786861133.488,sol-updown-15m-1786876200,0.5,1,0.51,85.53
1786861133.670,sol-updown-15m-1786876200-no,0.49,85.53,0.5,1
1786861133.830,sol-updown-4h-1786852800,0.09,128,0.1,5
1786861133.995,sol-updown-4h-1786852800-no,0.9,5,0.91,128
1786861134.477,xrp-updown-4h-1786852800,0.16,134,0.18,57
1786861134.651,xrp-updown-4h-1786852800-no,0.82,57,0.84,134
1786861134.817,bitcoin-up-or-down-august-16-2026-2am-et,0.46,330,0.47,167.68
1786861134.989,bitcoin-up-or-down-august-16-2026-2am-et-no,0.53,167.68,0.54,330
1786861135.868,btc-updown-4h-1786852800,0.18,426,0.19,5
1786861136.035,btc-updown-4h-1786852800-no,0.81,5,0.82,426
1786861136.191,eth-updown-4h-1786852800,0.08,10,0.11,282
1786861136.348,eth-updown-4h-1786852800-no,0.89,282,0.92,10
1786861136.514,sol-updown-15m-1786876200,0.5,1,0.51,85.53
1786861136.668,sol-updown-15m-1786876200-no,0.49,85.53,0.5,1
1786861136.826,sol-updown-4h-1786852800,0.09,128,0.1,5
1786861136.985,sol-updown-4h-1786852800-no,0.9,5,0.91,128
1786861137.490,xrp-updown-4h-1786852800,0.17,6,0.18,57
1786861137.646,xrp-updown-4h-1786852800-no,0.82,57,0.84,84
1786861137.808,bitcoin-up-or-down-august-16-2026-2am-et,0.46,330,0.47,290.67
1786861137.974,bitcoin-up-or-down-august-16-2026-2am-et-no,0.54,431,0.55,93
1786861138.867,btc-updown-4h-1786852800,0.18,426,0.19,5
1786861139.029,btc-updown-4h-1786852800-no,0.81,5,0.82,426
1786861139.191,eth-updown-4h-1786852800,0.08,10,0.11,282
1786861139.347,eth-updown-4h-1786852800-no,0.89,282,0.92,10
1786861139.512,sol-updown-15m-1786876200,0.5,1,0.51,85.53
1786861139.674,sol-updown-15m-1786876200-no,0.49,85.53,0.5,1
1786861139.839,sol-updown-4h-1786852800,0.09,128,0.1,6
1786861140.000,sol-updown-4h-1786852800-no,0.9,6,0.91,128
1786861140.498,xrp-updown-4h-1786852800,0.14,50,0.15,6
1786861140.669,xrp-updown-4h-1786852800-no,0.85,6,0.86,50
1786861140.839,bitcoin-up-or-down-august-16-2026-2am-et,0.45,5,0.46,418
1786861140.999,bitcoin-up-or-down-august-16-2026-2am-et-no,0.54,438,0.55,5
1786861141.840,btc-updown-4h-1786852800,0.18,426,0.19,5
1786861142.005,btc-updown-4h-1786852800-no,0.81,5,0.82,426
1786861142.168,eth-updown-4h-1786852800,0.08,10,0.11,282
1786861142.331,eth-updown-4h-1786852800-no,0.89,282,0.92,10
1786861142.496,sol-updown-15m-1786876200,0.5,1,0.51,85.53
1786861142.660,sol-updown-15m-1786876200-no,0.49,85.53,0.5,1
1786861142.830,sol-updown-4h-1786852800,0.09,128,0.1,6
1786861142.985,sol-updown-4h-1786852800-no,0.9,6,0.91,128
1786861143.457,xrp-updown-4h-1786852800,0.15,50,0.17,6
1786861143.654,xrp-updown-4h-1786852800-no,0.83,6,0.85,50
1786861143.813,bitcoin-up-or-down-august-16-2026-2am-et,0.45,5,0.46,390
1786861143.979,bitcoin-up-or-down-august-16-2026-2am-et-no,0.54,390,0.55,5
1786861144.851,btc-updown-4h-1786852800,0.18,426,0.19,5
1786861145.016,btc-updown-4h-1786852800-no,0.81,5,0.82,426
1786861145.187,eth-updown-4h-1786852800,0.08,10,0.11,282
1786861145.355,eth-updown-4h-1786852800-no,0.89,282,0.92,10
1786861145.556,sol-updown-15m-1786876200,0.5,1,0.51,85.53
1786861145.721,sol-updown-15m-1786876200-no,0.49,85.53,0.5,1
1786861145.884,sol-updown-4h-1786852800,0.09,128,0.1,6
1786861146.104,sol-updown-4h-1786852800-no,0.9,6,0.91,128
1786861146.625,xrp-updown-4h-1786852800,0.15,50,0.16,6
1786861146.808,xrp-updown-4h-1786852800-no,0.84,6,0.85,50
1786861146.978,bitcoin-up-or-down-august-16-2026-2am-et,0.45,5,0.46,390
1786861147.179,bitcoin-up-or-down-august-16-2026-2am-et-no,0.54,390,0.55,5
1786861147.837,btc-updown-4h-1786852800,0.18,426,0.19,5
1786861147.999,btc-updown-4h-1786852800-no,0.81,5,0.82,426
1786861148.160,eth-updown-4h-1786852800,0.08,10,0.11,282
1786861148.325,eth-updown-4h-1786852800-no,0.89,282,0.92,10
1786861148.495,sol-updown-15m-1786876200,0.5,1,0.51,85.53
1786861148.655,sol-updown-15m-1786876200-no,0.49,85.53,0.5,1
1786861148.808,sol-updown-4h-1786852800,0.09,128,0.1,6
1786861148.972,sol-updown-4h-1786852800-no,0.9,6,0.91,128
1786861149.485,xrp-updown-4h-1786852800,0.15,50,0.16,6
1786861149.645,xrp-updown-4h-1786852800-no,0.84,6,0.85,50
1786861149.806,bitcoin-up-or-down-august-16-2026-2am-et,0.45,5,0.46,390
1786861149.961,bitcoin-up-or-down-august-16-2026-2am-et-no,0.54,390,0.55,5
1786861150.844,btc-updown-4h-1786852800,0.16,420,0.17,6
1786861150.999,btc-updown-4h-1786852800-no,0.83,6,0.84,420
1786861151.578,eth-updown-4h-1786852800,0.06,20,0.1,258
1786861151.735,eth-updown-4h-1786852800-no,0.9,252,0.94,20
1786861151.891,sol-updown-15m-1786876200,0.5,1,0.51,85.53
1786861152.051,sol-updown-15m-1786876200-no,0.49,85.53,0.5,1
1786861152.220,sol-updown-4h-1786852800,0.09,128,0.1,6
1786861152.378,sol-updown-4h-1786852800-no,0.9,6,0.91,128
1786861152.868,xrp-updown-4h-1786852800,0.13,150,0.14,6
1786861153.054,xrp-updown-4h-1786852800-no,0.86,6,0.87,150
1786861153.227,bitcoin-up-or-down-august-16-2026-2am-et,0.38,47,0.4,175
1786861153.382,bitcoin-up-or-down-august-16-2026-2am-et-no,0.6,175,0.62,75
1786861154.040,btc-updown-4h-1786852800,0.15,420,0.18,26
1786861154.200,btc-updown-4h-1786852800-no,0.82,26,0.85,420
1786861154.375,eth-updown-4h-1786852800,0.06,20,0.1,258
1786861154.534,eth-updown-4h-1786852800-no,0.9,258,0.94,20
1786861154.694,sol-updown-15m-1786876200,0.5,1,0.51,85.53
1786861154.860,sol-updown-15m-1786876200-no,0.49,85.53,0.5,1
1786861155.020,sol-updown-4h-1786852800,0.09,50,0.1,6
1786861155.226,sol-updown-4h-1786852800-no,0.9,6,0.91,50
1786861155.720,xrp-updown-4h-1786852800,0.13,150,0.14,6
1786861155.886,xrp-updown-4h-1786852800-no,0.86,6,0.87,150
1786861156.049,bitcoin-up-or-down-august-16-2026-2am-et,0.38,83,0.39,145
1786861156.216,bitcoin-up-or-down-august-16-2026-2am-et-no,0.61,145,0.62,83
1786861157.046,btc-updown-4h-1786852800,0.17,6,0.18,26
1786861157.206,btc-updown-4h-1786852800-no,0.82,26,0.83,6
1786861157.373,eth-updown-4h-1786852800,0.06,30,0.1,258
1786861157.528,eth-updown-4h-1786852800-no,0.9,258,0.94,30
1786861157.694,sol-updown-15m-1786876200,0.5,1,0.51,85.53
1786861157.902,sol-updown-15m-1786876200-no,0.49,85.53,0.5,1
1786861158.056,sol-updown-4h-1786852800,0.09,50,0.1,6
1786861158.222,sol-updown-4h-1786852800-no,0.9,6,0.91,50
1786861158.729,xrp-updown-4h-1786852800,0.13,150,0.14,6
1786861158.888,xrp-updown-4h-1786852800-no,0.86,6,0.87,150
1786861159.047,bitcoin-up-or-down-august-16-2026-2am-et,0.38,195,0.39,145
1786861159.201,bitcoin-up-or-down-august-16-2026-2am-et-no,0.61,153,0.62,195
1786861160.053,btc-updown-4h-1786852800,0.17,6,0.18,20
1786861160.213,btc-updown-4h-1786852800-no,0.82,20,0.83,6
1786861160.386,eth-updown-4h-1786852800,0.06,10,0.09,258
1786861160.572,eth-updown-4h-1786852800-no,0.91,258,0.94,10
1786861160.740,sol-updown-15m-1786876200,0.5,1,0.51,85.53
1786861160.906,sol-updown-15m-1786876200-no,0.49,85.53,0.5,1
1786861161.062,sol-updown-4h-1786852800,0.09,50,0.1,6
1786861161.258,sol-updown-4h-1786852800-no,0.9,6,0.91,50
1786861161.756,xrp-updown-4h-1786852800,0.13,150,0.14,6
1786861161.919,xrp-updown-4h-1786852800-no,0.86,6,0.87,150
1786861162.080,bitcoin-up-or-down-august-16-2026-2am-et,0.38,121,0.39,460
1786861162.239,bitcoin-up-or-down-august-16-2026-2am-et-no,0.61,460,0.62,121
1786861163.032,btc-updown-4h-1786852800,0.17,426,0.18,26
1786861163.193,btc-updown-4h-1786852800-no,0.82,26,0.83,426
1786861163.348,eth-updown-4h-1786852800,0.07,160,0.1,6
1786861163.508,eth-updown-4h-1786852800-no,0.9,6,0.93,160
1786861163.695,sol-updown-15m-1786876200,0.5,1,0.51,85.53
1786861163.889,sol-updown-15m-1786876200-no,0.49,85.53,0.5,1
1786861164.047,sol-updown-4h-1786852800,0.09,50,0.1,16.1
1786861164.204,sol-updown-4h-1786852800-no,0.9,16.1,0.91,50
1786861164.690,xrp-updown-4h-1786852800,0.13,150,0.14,6
1786861164.843,xrp-updown-4h-1786852800-no,0.86,6,0.87,150
1786861165.008,bitcoin-up-or-down-august-16-2026-2am-et,0.4,290.01,0.41,45
1786861165.166,bitcoin-up-or-down-august-16-2026-2am-et-no,0.59,45,0.6,290.01
1786861166.043,btc-updown-4h-1786852800,0.17,426,0.19,11
1786861166.205,btc-updown-4h-1786852800-no,0.81,11,0.83,426
1786861166.360,eth-updown-4h-1786852800,0.07,160,0.1,258
1786861166.536,eth-updown-4h-1786852800-no,0.9,258,0.93,160
1786861166.701,sol-updown-15m-1786876200,0.5,1,0.51,85.53
1786861166.871,sol-updown-15m-1786876200-no,0.49,85.53,0.5,1
1786861167.054,sol-updown-4h-1786852800,0.09,50,0.1,16.1
1786861167.212,sol-updown-4h-1786852800-no,0.9,16.1,0.91,50
1786861167.703,xrp-updown-4h-1786852800,0.13,234,0.14,6
1786861167.905,xrp-updown-4h-1786852800-no,0.86,6,0.87,234
1786861168.083,bitcoin-up-or-down-august-16-2026-2am-et,0.4,170.01,0.41,43
1786861168.245,bitcoin-up-or-down-august-16-2026-2am-et-no,0.59,358,0.6,170.01
1786861169.053,btc-updown-4h-1786852800,0.17,426,0.19,11
1786861169.214,btc-updown-4h-1786852800-no,0.81,11,0.83,426
1786861169.380,eth-updown-4h-1786852800,0.09,150,0.1,258
1786861169.545,eth-updown-4h-1786852800-no,0.9,258,0.91,150
1786861169.702,sol-updown-15m-1786876200,0.5,1,0.51,85.53
1786861169.859,sol-updown-15m-1786876200-no,0.49,85.53,0.5,1
1786861170.030,sol-updown-4h-1786852800,0.09,50,0.1,6
1786861170.196,sol-updown-4h-1786852800-no,0.9,16.1,0.91,50
1786861170.721,xrp-updown-4h-1786852800,0.13,234,0.14,6
1786861170.896,xrp-updown-4h-1786852800-no,0.86,6,0.87,234
1786861171.054,bitcoin-up-or-down-august-16-2026-2am-et,0.4,81,0.41,366
1786861171.210,bitcoin-up-or-down-august-16-2026-2am-et-no,0.59,366,0.6,81
1786861172.042,btc-updown-4h-1786852800,0.17,426,0.19,11
1786861172.214,btc-updown-4h-1786852800-no,0.81,11,0.83,426
1786861172.401,eth-updown-4h-1786852800,0.09,150,0.1,258
1786861172.562,eth-updown-4h-1786852800-no,0.9,258,0.91,150
1786861172.728,sol-updown-15m-1786876200,0.5,1,0.51,85.53
1786861172.891,sol-updown-15m-1786876200-no,0.49,85.53,0.5,1
1786861173.057,sol-updown-4h-1786852800,0.09,50,0.1,16.1
1786861173.217,sol-updown-4h-1786852800-no,0.9,16.1,0.91,50
1786861173.742,xrp-updown-4h-1786852800,0.13,234,0.14,6
1786861173.899,xrp-updown-4h-1786852800-no,0.86,6,0.87,234
1786861174.057,bitcoin-up-or-down-august-16-2026-2am-et,0.4,73,0.41,366
1786861174.227,bitcoin-up-or-down-august-16-2026-2am-et-no,0.59,366,0.6,73
1786861175.054,btc-updown-4h-1786852800,0.17,426,0.18,6
1786861175.216,btc-updown-4h-1786852800-no,0.81,11,0.83,426
1786861175.382,eth-updown-4h-1786852800,0.07,150,0.09,258
1786861175.545,eth-updown-4h-1786852800-no,0.91,258,0.93,150
1786861175.708,sol-updown-15m-1786876200,0.5,1,0.51,85.53
1786861175.879,sol-updown-15m-1786876200-no,0.49,85.53,0.5,1
1786861176.048,sol-updown-4h-1786852800,0.09,50,0.1,6
1786861176.212,sol-updown-4h-1786852800-no,0.9,6,0.91,50
1786861176.693,xrp-updown-4h-1786852800,0.13,234,0.14,6
1786861176.883,xrp-updown-4h-1786852800-no,0.86,6,0.87,234
1786861177.069,bitcoin-up-or-down-august-16-2026-2am-et,0.4,113,0.41,366
1786861177.239,bitcoin-up-or-down-august-16-2026-2am-et-no,0.59,366,0.6,113
1786861178.039,btc-updown-4h-1786852800,0.17,426,0.19,11
1786861178.266,btc-updown-4h-1786852800-no,0.81,11,0.83,426
1786861178.429,eth-updown-4h-1786852800,0.07,150,0.09,252
1786861178.600,eth-updown-4h-1786852800-no,0.91,252,0.93,150
1786861178.765,sol-updown-15m-1786876200,0.5,1,0.51,85.53
1786861178.939,sol-updown-15m-1786876200-no,0.49,85.53,0.5,1
1786861179.123,sol-updown-4h-1786852800,0.09,50,0.1,16.1
1786861179.281,sol-updown-4h-1786852800-no,0.9,16.1,0.91,50
1786861179.761,xrp-updown-4h-1786852800,0.13,234,0.14,6
1786861179.933,xrp-updown-4h-1786852800-no,0.86,6,0.87,234
1786861180.096,bitcoin-up-or-down-august-16-2026-2am-et,0.4,113,0.41,386
1786861180.285,bitcoin-up-or-down-august-16-2026-2am-et-no,0.59,386,0.6,113
1786861181.051,btc-updown-4h-1786852800,0.17,426,0.19,11
1786861181.213,btc-updown-4h-1786852800-no,0.81,11,0.83,426
1786861181.385,eth-updown-4h-1786852800,0.07,150,0.09,258
1786861181.548,eth-updown-4h-1786852800-no,0.91,258,0.93,150
1786861181.710,sol-updown-15m-1786876200,0.5,1,0.51,85.53
1786861181.872,sol-updown-15m-1786876200-no,0.49,85.53,0.5,1
1786861182.031,sol-updown-4h-1786852800,0.08,50,0.09,16.1
1786861182.197,sol-updown-4h-1786852800-no,0.91,16.1,0.92,50
1786861182.710,xrp-updown-4h-1786852800,0.13,150,0.14,6
1786861182.870,xrp-updown-4h-1786852800-no,0.86,6,0.87,150
1786861183.022,bitcoin-up-or-down-august-16-2026-2am-et,0.4,105,0.41,511
1786861183.186,bitcoin-up-or-down-august-16-2026-2am-et-no,0.59,511,0.6,105
1786861184.049,btc-updown-4h-1786852800,0.17,426,0.19,11
1786861184.232,btc-updown-4h-1786852800-no,0.81,11,0.83,426
1786861184.415,eth-updown-4h-1786852800,0.07,150,0.09,258
1786861184.579,eth-updown-4h-1786852800-no,0.91,258,0.93,150
1786861184.743,sol-updown-15m-1786876200,0.5,1,0.51,85.53
1786861184.905,sol-updown-15m-1786876200-no,0.49,85.53,0.5,1
1786861185.062,sol-updown-4h-1786852800,0.08,50,0.09,16.1
1786861185.218,sol-updown-4h-1786852800-no,0.91,16.1,0.92,50
1786861185.708,xrp-updown-4h-1786852800,0.13,150,0.14,6
1786861185.908,xrp-updown-4h-1786852800-no,0.86,6,0.87,150
1786861186.231,bitcoin-up-or-down-august-16-2026-2am-et,0.4,105,0.41,386
1786861186.396,bitcoin-up-or-down-august-16-2026-2am-et-no,0.59,386,0.6,105
1786861187.343,btc-updown-4h-1786852800,0.17,426,0.19,11
1786861187.533,btc-updown-4h-1786852800-no,0.81,11,0.83,426
1786861187.699,eth-updown-4h-1786852800,0.07,150,0.09,258
1786861187.866,eth-updown-4h-1786852800-no,0.91,258,0.93,150
1786861188.038,sol-updown-15m-1786876200,0.5,1,0.51,85.53
1786861188.200,sol-updown-15m-1786876200-no,0.49,85.53,0.5,1
1786861188.361,sol-updown-4h-1786852800,0.08,50,0.09,16.1
1786861188.529,sol-updown-4h-1786852800-no,0.91,16.1,0.92,50
1786861189.015,xrp-updown-4h-1786852800,0.13,150,0.14,6
1786861189.186,xrp-updown-4h-1786852800-no,0.86,6,0.87,150
1786861189.376,bitcoin-up-or-down-august-16-2026-2am-et,0.4,105,0.41,388.56
1786861189.538,bitcoin-up-or-down-august-16-2026-2am-et-no,0.59,388.56,0.6,105
1786861190.189,btc-updown-4h-1786852800,0.17,426,0.19,11
1786861190.372,btc-updown-4h-1786852800-no,0.81,11,0.83,426
1786861190.545,eth-updown-4h-1786852800,0.07,150,0.09,258
1786861190.713,eth-updown-4h-1786852800-no,0.91,258,0.93,150
1786861190.872,sol-updown-15m-1786876200,0.5,1,0.51,85.53
1786861191.032,sol-updown-15m-1786876200-no,0.49,85.53,0.5,1
1786861191.195,sol-updown-4h-1786852800,0.08,50,0.09,6
1786861191.364,sol-updown-4h-1786852800-no,0.91,6,0.92,50
1786861191.851,xrp-updown-4h-1786852800,0.13,150,0.14,6
1786861192.012,xrp-updown-4h-1786852800-no,0.86,6,0.87,150
1786861192.178,bitcoin-up-or-down-august-16-2026-2am-et,0.4,105,0.41,388.56
1786861192.365,bitcoin-up-or-down-august-16-2026-2am-et-no,0.59,388.56,0.6,105
1786861193.194,btc-updown-4h-1786852800,0.17,426,0.19,11
1786861193.716,btc-updown-4h-1786852800-no,0.81,11,0.83,426
1786861193.877,eth-updown-4h-1786852800,0.06,150,0.09,258
1786861194.050,eth-updown-4h-1786852800-no,0.91,258,0.94,150
1786861194.222,sol-updown-15m-1786876200,0.5,1,0.51,85.53
1786861194.383,sol-updown-15m-1786876200-no,0.49,85.53,0.5,1
1786861194.549,sol-updown-4h-1786852800,0.08,50,0.09,6
1786861194.716,sol-updown-4h-1786852800-no,0.91,6,0.92,50
1786861195.230,xrp-updown-4h-1786852800,0.13,150,0.14,6
1786861195.395,xrp-updown-4h-1786852800-no,0.86,6,0.87,150
1786861195.603,bitcoin-up-or-down-august-16-2026-2am-et,0.4,105,0.41,71.12
1786861195.787,bitcoin-up-or-down-august-16-2026-2am-et-no,0.59,71.12,0.6,105
1786861196.487,btc-updown-4h-1786852800,0.17,6,0.19,11
1786861196.654,btc-updown-4h-1786852800-no,0.81,11,0.83,6
1786861196.820,eth-updown-4h-1786852800,0.07,10,0.09,6
1786861196.998,eth-updown-4h-1786852800-no,0.91,6,0.93,10
1786861197.216,sol-updown-15m-1786876200,0.5,1,0.51,85.53
1786861197.428,sol-updown-15m-1786876200-no,0.49,85.53,0.5,1
1786861197.589,sol-updown-4h-1786852800,0.08,50,0.09,16.1
1786861197.753,sol-updown-4h-1786852800-no,0.91,16.1,0.92,50
1786861198.241,xrp-updown-4h-1786852800,0.11,150,0.12,6
1786861198.412,xrp-updown-4h-1786852800-no,0.88,6,0.89,150
1786861198.583,bitcoin-up-or-down-august-16-2026-2am-et,0.4,63,0.41,71.12
1786861198.747,bitcoin-up-or-down-august-16-2026-2am-et-no,0.59,71.12,0.6,63
1786861199.486,btc-updown-4h-1786852800,0.17,6,0.19,11
1786861199.652,btc-updown-4h-1786852800-no,0.81,11,0.83,6
1786861199.811,eth-updown-4h-1786852800,0.07,30,0.1,6
1786861199.976,eth-updown-4h-1786852800-no,0.9,6,0.93,30
1786861200.155,sol-updown-15m-1786876200,0.5,1,0.51,85.53
1786861200.318,sol-updown-15m-1786876200-no,0.49,85.53,0.5,1
1786861200.478,sol-updown-4h-1786852800,0.1,150,0.11,6
1786861200.649,sol-updown-4h-1786852800-no,0.89,6,0.9,150
1786861201.151,xrp-updown-4h-1786852800,0.13,150,0.14,6
1786861201.312,xrp-updown-4h-1786852800-no,0.86,6,0.87,150
1786861201.493,bitcoin-up-or-down-august-16-2026-2am-et,0.4,312,0.41,71.12
1786861201.649,bitcoin-up-or-down-august-16-2026-2am-et-no,0.59,71.12,0.6,213
1786861202.539,btc-updown-4h-1786852800,0.17,6,0.19,11
1786861202.707,btc-updown-4h-1786852800-no,0.81,11,0.83,6
1786861202.866,eth-updown-4h-1786852800,0.07,30,0.1,6
1786861203.034,eth-updown-4h-1786852800-no,0.9,6,0.93,30
1786861203.196,sol-updown-15m-1786876200,0.5,1,0.51,85.53
1786861203.364,sol-updown-15m-1786876200-no,0.49,85.53,0.5,1
1786861203.534,sol-updown-4h-1786852800,0.1,150,0.11,56
1786861203.699,sol-updown-4h-1786852800-no,0.89,56,0.9,150
1786861204.173,xrp-updown-4h-1786852800,0.13,150,0.14,6
1786861204.362,xrp-updown-4h-1786852800-no,0.86,6,0.87,150
1786861204.523,bitcoin-up-or-down-august-16-2026-2am-et,0.4,213,0.41,71.12
1786861204.688,bitcoin-up-or-down-august-16-2026-2am-et-no,0.59,71.12,0.6,213
1786861205.512,btc-updown-4h-1786852800,0.17,6,0.19,11
1786861205.714,btc-updown-4h-1786852800-no,0.81,11,0.83,6
1786861205.896,eth-updown-4h-1786852800,0.07,30,0.1,6
1786861206.064,eth-updown-4h-1786852800-no,0.9,6,0.93,30
1786861206.224,sol-updown-15m-1786876200,0.5,1,0.51,85.53
1786861206.387,sol-updown-15m-1786876200-no,0.49,85.53,0.5,1
1786861206.555,sol-updown-4h-1786852800,0.1,150,0.11,56
1786861206.719,sol-updown-4h-1786852800-no,0.89,56,0.9,150
1786861207.470,xrp-updown-4h-1786852800,0.13,150,0.14,6
1786861207.672,xrp-updown-4h-1786852800-no,0.86,6,0.87,150
1786861207.837,bitcoin-up-or-down-august-16-2026-2am-et,0.4,213,0.41,71.12
1786861207.997,bitcoin-up-or-down-august-16-2026-2am-et-no,0.59,71.12,0.6,213
1786861208.915,btc-updown-4h-1786852800,0.17,6,0.19,61
1786861209.085,btc-updown-4h-1786852800-no,0.81,61,0.83,6
1786861209.247,eth-updown-4h-1786852800,0.07,30,0.1,6
1786861209.411,eth-updown-4h-1786852800-no,0.9,6,0.93,30
1786861209.571,sol-updown-15m-1786876200,0.5,1,0.51,85.53
1786861209.733,sol-updown-15m-1786876200-no,0.49,85.53,0.5,1
1786861209.892,sol-updown-4h-1786852800,0.1,150,0.11,56
1786861210.055,sol-updown-4h-1786852800-no,0.89,56,0.9,150
1786861210.553,xrp-updown-4h-1786852800,0.13,150,0.14,6
1786861210.718,xrp-updown-4h-1786852800-no,0.86,6,0.87,150
1786861210.881,bitcoin-up-or-down-august-16-2026-2am-et,0.4,213,0.41,71.12
1786861211.048,bitcoin-up-or-down-august-16-2026-2am-et-no,0.59,71.12,0.6,213
1786861211.739,btc-updown-4h-1786852800,0.17,6,0.18,6
1786861211.905,btc-updown-4h-1786852800-no,0.82,6,0.83,6
1786861212.085,eth-updown-4h-1786852800,0.07,30,0.1,6
1786861212.336,eth-updown-4h-1786852800-no,0.9,6,0.93,30
1786861212.621,sol-updown-15m-1786876200,0.5,1,0.51,85.53
1786861212.785,sol-updown-15m-1786876200-no,0.49,85.53,0.5,1
1786861212.943,sol-updown-4h-1786852800,0.1,150,0.11,56
1786861213.112,sol-updown-4h-1786852800-no,0.89,56,0.9,150
1786861213.586,xrp-updown-4h-1786852800,0.13,150,0.14,6
1786861213.751,xrp-updown-4h-1786852800-no,0.86,6,0.87,150
1786861214.316,bitcoin-up-or-down-august-16-2026-2am-et,0.4,213,0.41,71.12
1786861214.510,bitcoin-up-or-down-august-16-2026-2am-et-no,0.59,71.12,0.6,213
1786861215.280,btc-updown-4h-1786852800,0.17,6,0.18,6
1786861215.473,btc-updown-4h-1786852800-no,0.82,6,0.83,6
1786861215.662,eth-updown-4h-1786852800,0.07,30,0.1,6
1786861215.862,eth-updown-4h-1786852800-no,0.9,6,0.93,30
1786861216.047,sol-updown-15m-1786876200,0.5,1,0.51,85.53
1786861216.239,sol-updown-15m-1786876200-no,0.49,85.53,0.5,1
1786861216.436,sol-updown-4h-1786852800,0.1,150,0.11,56
1786861216.628,sol-updown-4h-1786852800-no,0.89,56,0.9,150
1786861217.212,xrp-updown-4h-1786852800,0.13,150,0.14,6
1786861217.407,xrp-updown-4h-1786852800-no,0.86,6,0.87,150
1786861217.614,bitcoin-up-or-down-august-16-2026-2am-et,0.4,35,0.41,71.12
1786861217.813,bitcoin-up-or-down-august-16-2026-2am-et-no,0.59,71.12,0.6,35
1786861218.589,btc-updown-4h-1786852800,0.17,6,0.18,6
1786861218.786,btc-updown-4h-1786852800-no,0.82,6,0.83,6
1786861218.985,eth-updown-4h-1786852800,0.07,30,0.1,6
1786861219.187,eth-updown-4h-1786852800-no,0.9,6,0.93,30
1786861219.378,sol-updown-15m-1786876200,0.5,1,0.51,85.53
1786861219.583,sol-updown-15m-1786876200-no,0.49,85.53,0.5,1
1786861219.958,sol-updown-4h-1786852800,0.1,150,0.11,56
1786861220.152,sol-updown-4h-1786852800-no,0.89,56,0.9,150
1786861220.733,xrp-updown-4h-1786852800,0.13,150,0.14,6
1786861220.927,xrp-updown-4h-1786852800-no,0.86,6,0.87,150
1786861221.142,bitcoin-up-or-down-august-16-2026-2am-et,0.4,35,0.41,71.12
1786861221.432,bitcoin-up-or-down-august-16-2026-2am-et-no,0.59,71.12,0.6,35
1786861222.424,btc-updown-4h-1786852800,0.17,6,0.18,6
1786861222.607,btc-updown-4h-1786852800-no,0.82,6,0.83,6
1786861222.806,eth-updown-4h-1786852800,0.07,30,0.1,6
1786861223.009,eth-updown-4h-1786852800-no,0.9,6,0.93,30
1786861223.199,sol-updown-15m-1786876200,0.5,1,0.51,85.53
1786861223.397,sol-updown-15m-1786876200-no,0.49,85.53,0.5,1
1786861223.607,sol-updown-4h-1786852800,0.1,150,0.11,56
1786861223.797,sol-updown-4h-1786852800-no,0.89,56,0.9,150
1786861224.389,xrp-updown-4h-1786852800,0.13,150,0.14,6
1786861224.583,xrp-updown-4h-1786852800-no,0.86,6,0.87,150
1786861224.779,bitcoin-up-or-down-august-16-2026-2am-et,0.4,213,0.41,71.12
1786861224.972,bitcoin-up-or-down-august-16-2026-2am-et-no,0.59,71.12,0.6,213
1786861225.844,btc-updown-4h-1786852800,0.17,6,0.18,6
1786861226.035,btc-updown-4h-1786852800-no,0.82,6,0.83,6
1786861226.237,eth-updown-4h-1786852800,0.07,30,0.1,6
1786861226.493,eth-updown-4h-1786852800-no,0.9,6,0.93,30
1786861226.685,sol-updown-15m-1786876200,0.5,1,0.51,85.53
1786861226.874,sol-updown-15m-1786876200-no,0.49,85.53,0.5,1
1786861227.071,sol-updown-4h-1786852800,0.1,150,0.11,66.1
1786861227.304,sol-updown-4h-1786852800-no,0.89,66.1,0.9,150
1786861227.957,xrp-updown-4h-1786852800,0.13,150,0.14,6
1786861228.159,xrp-updown-4h-1786852800-no,0.86,6,0.87,150
1786861228.375,bitcoin-up-or-down-august-16-2026-2am-et,0.4,213,0.41,71.12
1786861228.568,bitcoin-up-or-down-august-16-2026-2am-et-no,0.59,71.12,0.6,213
1786861229.443,btc-updown-4h-1786852800,0.17,6,0.18,6
1786861229.639,btc-updown-4h-1786852800-no,0.82,6,0.83,6
1786861229.861,eth-updown-4h-1786852800,0.07,30,0.1,6
1786861230.058,eth-updown-4h-1786852800-no,0.9,6,0.93,30
1786861230.248,sol-updown-15m-1786876200,0.5,1,0.51,85.53
1786861230.485,sol-updown-15m-1786876200-no,0.49,85.53,0.5,1
1786861230.685,sol-updown-4h-1786852800,0.1,150,0.11,66.1
1786861230.881,sol-updown-4h-1786852800-no,0.89,66.1,0.9,150
1786861231.463,xrp-updown-4h-1786852800,0.13,150,0.14,6
1786861231.667,xrp-updown-4h-1786852800-no,0.86,6,0.87,150
1786861231.874,bitcoin-up-or-down-august-16-2026-2am-et,0.4,213,0.41,71.12
1786861232.066,bitcoin-up-or-down-august-16-2026-2am-et-no,0.59,71.12,0.6,213
1786861232.988,btc-updown-4h-1786852800,0.18,6,0.19,11
1786861233.202,btc-updown-4h-1786852800-no,0.81,11,0.82,426
1786861233.397,eth-updown-4h-1786852800,0.07,30,0.1,6
1786861233.588,eth-updown-4h-1786852800-no,0.9,6,0.93,30
1786861233.778,sol-updown-15m-1786876200,0.5,1,0.51,85.53
1786861233.971,sol-updown-15m-1786876200-no,0.49,85.53,0.5,1
1786861234.171,sol-updown-4h-1786852800,0.1,150,0.11,66.1
1786861234.391,sol-updown-4h-1786852800-no,0.89,66.1,0.9,150
1786861234.970,xrp-updown-4h-1786852800,0.13,150,0.14,6
1786861235.205,xrp-updown-4h-1786852800-no,0.86,6,0.87,150
1786861235.418,bitcoin-up-or-down-august-16-2026-2am-et,0.4,255,0.41,71.12
1786861235.645,bitcoin-up-or-down-august-16-2026-2am-et-no,0.59,71.12,0.6,255
1786861236.399,btc-updown-4h-1786852800,0.18,376,0.19,11
1786861236.590,btc-updown-4h-1786852800-no,0.81,11,0.82,376
1786861236.784,eth-updown-4h-1786852800,0.07,10,0.1,258
1786861237.058,eth-updown-4h-1786852800-no,0.9,258,0.93,10
1786861237.249,sol-updown-15m-1786876200,0.5,1,0.51,85.53
1786861237.446,sol-updown-15m-1786876200-no,0.49,85.53,0.5,1
1786861237.639,sol-updown-4h-1786852800,0.1,150,0.11,66.1
1786861237.837,sol-updown-4h-1786852800-no,0.89,66.1,0.9,150
1786861238.417,xrp-updown-4h-1786852800,0.13,150,0.14,6
1786861238.609,xrp-updown-4h-1786852800-no,0.86,6,0.87,150
1786861238.802,bitcoin-up-or-down-august-16-2026-2am-et,0.4,255,0.41,71.12
1786861238.994,bitcoin-up-or-down-august-16-2026-2am-et-no,0.59,71.12,0.6,255
1786861239.946,btc-updown-4h-1786852800,0.18,376,0.19,11
1786861240.132,btc-updown-4h-1786852800-no,0.81,11,0.82,376
1786861240.341,eth-updown-4h-1786852800,0.07,30,0.11,6
1786861240.602,eth-updown-4h-1786852800-no,0.89,6,0.91,10
1786861240.792,sol-updown-15m-1786876200,0.5,1,0.51,85.53
1786861240.995,sol-updown-15m-1786876200-no,0.49,85.53,0.5,1
1786861241.185,sol-updown-4h-1786852800,0.1,150,0.11,66.1
1786861241.372,sol-updown-4h-1786852800-no,0.89,66.1,0.9,150
1786861241.988,xrp-updown-4h-1786852800,0.13,150,0.14,6
1786861242.184,xrp-updown-4h-1786852800-no,0.86,6,0.87,150
1786861242.373,bitcoin-up-or-down-august-16-2026-2am-et,0.4,225,0.41,71.12
1786861242.588,bitcoin-up-or-down-august-16-2026-2am-et-no,0.59,71.12,0.6,225
1786861243.349,btc-updown-4h-1786852800,0.18,426,0.19,11
1786861243.583,btc-updown-4h-1786852800-no,0.81,11,0.82,426
1786861243.774,eth-updown-4h-1786852800,0.08,170,0.11,258
1786861243.978,eth-updown-4h-1786852800-no,0.89,258,0.92,170
1786861244.171,sol-updown-15m-1786876200,0.5,1,0.51,85.53
1786861244.364,sol-updown-15m-1786876200-no,0.49,85.53,0.5,1
1786861244.549,sol-updown-4h-1786852800,0.1,132,0.11,56
1786861244.736,sol-updown-4h-1786852800-no,0.89,56,0.9,132
1786861245.393,xrp-updown-4h-1786852800,0.13,150,0.14,6
1786861245.588,xrp-updown-4h-1786852800-no,0.86,6,0.87,150
1786861245.812,bitcoin-up-or-down-august-16-2026-2am-et,0.4,255,0.41,71.12
1786861245.992,bitcoin-up-or-down-august-16-2026-2am-et-no,0.59,71.12,0.6,255
1786861247.227,btc-updown-4h-1786852800,0.18,426,0.19,11
1786861247.414,btc-updown-4h-1786852800-no,0.81,11,0.82,426
1786861247.612,eth-updown-4h-1786852800,0.08,170,0.11,258
1786861247.814,eth-updown-4h-1786852800-no,0.89,258,0.92,170
1786861248.014,sol-updown-15m-1786876200,0.5,1,0.51,85.53
1786861248.218,sol-updown-15m-1786876200-no,0.49,85.53,0.5,1
1786861248.412,sol-updown-4h-1786852800,0.1,132,0.11,56
1786861248.591,sol-updown-4h-1786852800-no,0.89,56,0.9,132
1786861249.158,xrp-updown-4h-1786852800,0.13,150,0.14,6
1786861249.405,xrp-updown-4h-1786852800-no,0.86,6,0.87,150
1786861249.706,bitcoin-up-or-down-august-16-2026-2am-et,0.4,185,0.41,71.12
1786861249.914,bitcoin-up-or-down-august-16-2026-2am-et-no,0.59,71.12,0.6,185
1786861251.061,btc-updown-4h-1786852800,0.18,426,0.19,11
1786861251.307,btc-updown-4h-1786852800-no,0.81,11,0.82,426
1786861251.516,eth-updown-4h-1786852800,0.08,170,0.11,258
1786861251.738,eth-updown-4h-1786852800-no,0.89,258,0.92,170
1786861251.948,sol-updown-15m-1786876200,0.5,1,0.51,85.53
1786861252.196,sol-updown-15m-1786876200-no,0.49,85.53,0.5,1
1786861252.408,sol-updown-4h-1786852800,0.1,132,0.11,56
1786861252.629,sol-updown-4h-1786852800-no,0.89,56,0.9,132
1786861253.497,xrp-updown-4h-1786852800,0.13,234,0.14,6
1786861253.712,xrp-updown-4h-1786852800-no,0.86,6,0.87,234
1786861254.007,bitcoin-up-or-down-august-16-2026-2am-et,0.4,185,0.41,71.12
1786861254.226,bitcoin-up-or-down-august-16-2026-2am-et-no,0.59,71.12,0.6,185
1786861255.013,btc-updown-4h-1786852800,0.18,426,0.19,11
1786861255.249,btc-updown-4h-1786852800-no,0.81,11,0.82,426
1786861255.789,eth-updown-4h-1786852800,0.08,170,0.11,6
1786861256.028,eth-updown-4h-1786852800-no,0.89,6,0.91,10
1786861256.232,sol-updown-15m-1786876200,0.5,1,0.51,85.53
1786861256.428,sol-updown-15m-1786876200-no,0.49,85.53,0.5,1
1786861256.648,sol-updown-4h-1786852800,0.1,132,0.11,56
1786861256.897,sol-updown-4h-1786852800-no,0.89,56,0.9,132
1786861257.807,xrp-updown-4h-1786852800,0.13,234,0.14,6
1786861258.081,xrp-updown-4h-1786852800-no,0.86,6,0.87,234
1786861258.314,bitcoin-up-or-down-august-16-2026-2am-et,0.4,183.33,0.41,386.12
1786861258.538,bitcoin-up-or-down-august-16-2026-2am-et-no,0.59,386.12,0.6,183.33
1786861260.131,btc-updown-4h-1786852800,0.18,419.9,0.19,11
1786861260.424,btc-updown-4h-1786852800-no,0.81,11,0.82,413.8
1786861260.671,eth-updown-4h-1786852800,0.09,10,0.11,6
1786861260.923,eth-updown-4h-1786852800-no,0.89,6,0.91,10
1786861261.212,sol-updown-15m-1786876200,0.5,1,0.51,85.53
1786861261.606,sol-updown-15m-1786876200-no,0.49,85.53,0.5,1
1786861261.800,sol-updown-4h-1786852800,0.1,132,0.11,56
1786861261.987,sol-updown-4h-1786852800-no,0.89,56,0.9,132
1786861262.715,xrp-updown-4h-1786852800,0.13,234,0.14,6
1786861262.976,xrp-updown-4h-1786852800-no,0.86,6,0.87,234
1786861263.236,bitcoin-up-or-down-august-16-2026-2am-et,0.4,183.33,0.41,315
1786861263.710,bitcoin-up-or-down-august-16-2026-2am-et-no,0.59,315,0.6,153.33
